case_id,timestamp,source_task,baseline_pump_m3,primary_pump_m3,pump_reduction_pct,baseline_switches,primary_switches
01_posadd6h_041,2021-10-04 14:20:00,batch_2_paired/task_1,906.8413759462356,564.0861537162338,37.796601624220884,752,70
02_sel6h_41,2021-10-04 15:10:00,batch_2_paired/task_1,772.0657608974248,473.1250220648334,38.71959539885724,666,58
01_posadd6h_081,2021-10-11 23:30:00,batch_1_paired/task_1,648.7831737219626,659.8800008598326,-1.710406124469807,650,48
01_posadd6h_001,2021-10-17 18:30:00,batch_3_paired/task_1,273.4757275174253,246.09626463289607,10.011661046878345,202,28
02_sel6h_31,2021-10-21 19:50:00,batch_3_paired/task_1,2606.3785406098004,1421.2632265634645,45.469807841844066,1219,186
03_posadd6h_042,2021-10-27 09:30:00,batch_2_paired/task_1,652.5813684603386,655.8532936804401,-0.5013819545325151,504,118
04_posadd6h_082,2021-10-31 16:00:00,batch_2_paired/task_1,1780.1360059163771,1721.0235439603296,3.3206711037574745,992,188
02_posadd6h_002,2021-11-09 17:50:00,batch_1_paired/task_1,364.4942036912046,269.9663338007701,25.93398439074149,382,48
03_posadd6h_003,2021-11-19 12:50:00,batch_3_paired/task_1,404.2711272977309,302.6927403825913,25.12630263608483,192,16
04_posadd6h_083,2021-11-30 05:10:00,batch_3_paired/task_1,1822.102603676095,980.822665393634,46.17083234419276,1083,140
05_posadd6h_004,2021-12-30 03:10:00,batch_3_paired/task_1,322.35573899297975,243.12712103434671,24.578007578254557,340,20
05_posadd6h_044,2021-12-31 00:20:00,batch_2_paired/task_1,851.4359573869881,986.9535267021522,-15.916354969440139,66,94
06_posadd6h_005,2021-12-31 13:20:00,batch_3_paired/task_1,960.1526955004427,498.1295406366774,48.119758141485356,494,52
06_posadd6h_084,2022-01-02 11:00:00,batch_2_paired/task_1,1547.5117473716966,1798.5732788389523,-16.22356223748609,1088,146
03_posadd6h_045,2022-01-09 01:00:00,batch_1_paired/task_1,386.1492911842077,232.91802804335097,39.681870882357686,362,30
04_posadd6h_085,2022-01-26 20:00:00,batch_1_paired/task_1,990.5842502495972,1037.16807835613,-4.702661898247948,918,82
05_posadd6h_046,2022-01-31 22:50:00,batch_1_paired/task_1,499.65068823877846,264.3842473329562,47.08618369667703,680,26
07_posadd6h_086,2022-02-01 08:50:00,batch_3_paired/task_1,1343.7165996730064,1144.211612161189,14.847251835719456,1042,96
07_sel6h_29,2022-02-04 17:00:00,batch_2_paired/task_1,983.6139617079132,529.4850206426961,46.16942812368008,828,86
06_posadd6h_047,2022-02-08 09:40:00,batch_1_paired/task_1,1228.9518435059254,757.2886399399874,38.379307216822106,948,62
08_posadd6h_087,2022-02-09 04:20:00,batch_2_paired/task_1,559.2435367330999,518.4693353862957,7.29095620576903,28,70
08_posadd6h_007,2022-02-13 09:10:00,batch_3_paired/task_1,386.7364019505401,367.9213735891116,4.865078194484191,326,52
09_sel6h_43,2022-02-15 08:20:00,batch_3_paired/task_1,671.9705238543446,635.6222830921292,5.40920166463941,1444,86
10_posadd6h_088,2022-02-18 21:30:00,batch_3_paired/task_1,3365.6873594713575,3721.057825308146,-10.558629720515876,270,184
07_posadd6h_048,2022-02-21 18:40:00,batch_1_paired/task_1,1775.373624049017,1138.1292417264622,35.893536644372325,690,116
08_sel6h_04,2022-02-23 23:30:00,batch_1_paired/task_1,1086.7308542585383,704.0608867686658,35.21294771288729,702,86
09_sel6h_19,2022-02-27 21:10:00,batch_1_paired/task_1,354.64800379416886,267.2658109498738,24.639132861159442,484,30
01_posadd6h_089,2022-03-10 19:30:00,batch_3_paired/task_2,766.0697005171427,493.0871255946128,35.634169415426605,476,44
09_sel6h_14,2022-03-11 00:50:00,batch_2_paired/task_1,370.4132524804501,312.47240977679485,15.642216447618411,372,30
10_posadd6h_008,2022-03-11 19:10:00,batch_1_paired/task_1,890.2785305946381,796.2778444960112,10.558570477470871,466,84
02_posadd6h_009,2022-03-12 22:20:00,batch_3_paired/task_2,283.47101398793274,177.19734349848102,37.49013664373309,190,18
03_posadd6h_049,2022-03-16 21:00:00,batch_3_paired/task_2,868.5706809788145,886.0727525174528,-2.015042865471215,1007,94
01_sel6h_15,2022-03-20 12:40:00,batch_1_paired/task_2,633.787172869857,542.0183563503862,14.47943733287181,740,64
02_sel6h_26,2022-04-07 05:30:00,batch_1_paired/task_2,1526.6819897708765,813.5423898060325,46.711732026908344,702,92
10_posadd6h_050,2022-04-08 05:10:00,batch_2_paired/task_1,324.42183026025873,196.4117758334883,39.457904027012546,284,20
04_posadd6h_090,2022-04-09 07:40:00,batch_3_paired/task_2,729.8915624544479,404.08993404622646,44.636990639079286,832,52
05_sel6h_05,2022-04-23 01:10:00,batch_3_paired/task_2,284.83130722485413,280.9273977048476,1.3706040807251185,210,16
01_posadd6h_010,2022-05-13 12:50:00,batch_2_paired/task_2,347.84947825457874,287.5932321758836,17.322505809422466,278,26
06_posadd6h_051,2022-05-27 23:00:00,batch_3_paired/task_2,978.580204866752,1070.9264192754713,-9.436754795310174,784,104
02_posadd6h_091,2022-06-06 23:30:00,batch_2_paired/task_2,1662.230132152856,1466.6885962716706,11.763806472929687,698,152
03_posadd6h_011,2022-09-17 06:00:00,batch_2_paired/task_2,857.8229744690605,725.3578812500922,15.442008102074439,516,120
04_sel6h_44,2022-09-30 13:00:00,batch_2_paired/task_2,445.0651373058494,411.4736267111238,7.547549286396133,826,60
07_posadd6h_052,2022-10-01 23:20:00,batch_3_paired/task_2,342.7347776066511,235.45579262271195,31.30087519366383,320,20
05_sel6h_40,2022-10-05 20:10:00,batch_2_paired/task_2,1277.6475604239715,1040.8914415873603,18.530628177151343,742,148
03_posadd6h_092,2022-10-07 17:50:00,batch_1_paired/task_2,1172.6769770812575,1257.364908774532,-7.221761264901709,970,124
06_posadd6h_053,2022-10-16 11:50:00,batch_2_paired/task_2,713.7684412017734,518.6335654516157,27.338680794237508,1012,48
07_posadd6h_012,2022-10-24 18:30:00,batch_2_paired/task_2,372.04095742245056,310.75782990275053,16.47214541761147,388,30
04_posadd6h_013,2022-10-31 20:50:00,batch_1_paired/task_2,701.8245801267296,713.6430976884827,-1.6839703105894344,982,38
08_posadd6h_054,2022-11-06 07:20:00,batch_2_paired/task_2,445.35098197778194,418.008336289505,6.139572336149253,188,58
08_posadd6h_093,2022-11-06 18:10:00,batch_3_paired/task_2,1796.461235156933,1638.578275387331,8.788553667611426,956,156
05_sel6h_08,2022-11-06 20:10:00,batch_1_paired/task_2,1623.231063169177,1605.6671883061993,1.082031712027883,804,146
06_posadd6h_055,2022-11-10 17:20:00,batch_1_paired/task_2,840.8465026583963,745.1823513451193,11.377124244535471,618,116
09_posadd6h_094,2022-11-25 00:40:00,batch_2_paired/task_2,514.5302520903097,414.1010766125815,19.518614322428796,500,46
07_sel6h_10,2022-11-25 03:20:00,batch_1_paired/task_2,432.1689541957639,262.3439078521632,39.295984751989685,562,30
10_posadd6h_014,2022-11-27 14:30:00,batch_2_paired/task_2,482.11202655513927,394.5596006853474,18.160182913374904,504,42
08_posadd6h_015,2022-12-04 20:00:00,batch_1_paired/task_2,392.4755476575085,321.7846395769406,18.01154454143368,340,22
01_posadd6h_056,2022-12-19 21:20:00,batch_2_paired/task_3,970.6882803796542,759.2076615635108,21.786666542778228,444,84
02_posadd6h_017,2022-12-30 00:30:00,batch_2_paired/task_3,1277.9424269119131,861.0649357039031,32.620991558702265,1402,92
09_sel6h_45,2022-12-31 04:00:00,batch_1_paired/task_2,504.94945135636254,317.5868995964965,37.10520949306606,692,34
10_posadd6h_096,2023-01-07 16:20:00,batch_1_paired/task_2,727.1585813213882,550.3964650159173,24.30860624435729,454,54
01_posadd6h_057,2023-01-08 01:00:00,batch_1_paired/task_3,556.3233544163578,419.3649733076672,24.61848491914823,454,38
03_posadd6h_018,2023-01-11 14:50:00,batch_2_paired/task_3,1357.576117393458,1197.1715195699765,11.815514118755848,1278,176
04_posadd6h_058,2023-01-30 20:30:00,batch_2_paired/task_3,842.5895152003087,508.3452093172353,39.66869986551085,815,60
02_sel6h_17,2023-01-31 10:30:00,batch_1_paired/task_3,1822.4610548573664,986.3593323195594,45.87761808733103,842,68
09_posadd6h_098,2023-02-03 00:40:00,batch_3_paired/task_2,1250.6427008023377,1121.2076830575277,10.349480124241099,822,88
05_sel6h_09,2023-02-03 14:10:00,batch_2_paired/task_3,1307.325166665161,1240.5819706318716,5.105324806340553,818,116
03_sel6h_02,2023-02-11 05:50:00,batch_1_paired/task_3,404.7628480730114,256.0620833316909,36.73775037636304,344,20
06_posadd6h_019,2023-02-20 10:30:00,batch_2_paired/task_3,862.3204100595843,700.6078797800346,18.753183665034175,282,98
10_posadd6h_059,2023-02-24 14:20:00,batch_3_paired/task_2,1015.4098989089808,1054.7430950849198,-3.8736274107826767,576,158
07_posadd6h_099,2023-03-07 00:00:00,batch_2_paired/task_3,2093.496272406285,1713.8822899667678,18.133014490786987,836,162
04_posadd6h_060,2023-03-22 09:00:00,batch_1_paired/task_3,1058.0148329229762,973.4711535164984,7.990783945146511,595,106
05_sel6h_46,2023-03-23 23:10:00,batch_1_paired/task_3,1069.4189600353625,861.4251980637596,19.449230820138553,1244,78
08_posadd6h_100,2023-03-24 12:30:00,batch_2_paired/task_3,1037.258104432001,436.6452996624268,57.90389124975482,618,38
09_posadd6h_061,2023-04-01 08:40:00,batch_2_paired/task_3,792.039669958504,758.9909296868476,4.17261174221082,222,84
01_posadd6h_020,2023-04-21 00:30:00,batch_3_paired/task_3,410.89135631861257,364.2845985817066,11.342842096869585,274,24
02_posadd6h_021,2023-04-21 13:30:00,batch_3_paired/task_3,901.485222825943,869.9463632151183,3.498544270305158,484,74
06_posadd6h_101,2023-06-11 01:20:00,batch_1_paired/task_3,425.0144482598161,264.4699480936021,37.77389235202454,336,24
03_posadd6h_062,2023-07-03 12:40:00,batch_3_paired/task_3,785.7576870991778,595.9849132971057,24.15156439673738,1048,62
07_sel6h_47,2023-07-04 05:40:00,batch_1_paired/task_3,529.0709047665368,427.30633453436434,19.234580717886605,828,46
04_sel6h_20,2023-07-04 14:30:00,batch_3_paired/task_3,498.2239492586175,383.679160706548,22.990622735522443,642,34
08_posadd6h_102,2023-08-07 05:30:00,batch_1_paired/task_3,829.2002039659419,820.0730603955038,1.1007165129463672,584,94
05_posadd6h_023,2023-08-09 04:20:00,batch_3_paired/task_3,438.9844936167783,256.05620226351647,41.67078655697423,458,16
09_sel6h_35,2023-09-18 18:40:00,batch_1_paired/task_3,1959.0920832336271,1940.1267896387965,0.9680654501715421,1340,214
10_posadd6h_064,2023-10-04 14:50:00,batch_1_paired/task_3,574.0868929168678,553.9657586389646,3.5048935145810467,244,68
01_sel6h_18,2023-10-06 13:00:00,batch_1_paired/task_4,843.8506092028008,637.4092500181616,24.464206926350105,328,74
02_posadd6h_103,2023-10-06 20:00:00,batch_1_paired/task_4,1547.168711463276,1270.2781300474192,17.896599082202236,684,126
06_sel6h_36,2023-10-06 23:20:00,batch_3_paired/task_3,808.5598490568577,446.1471694090213,44.82199803398248,464,38
07_sel6h_27,2023-10-14 23:40:00,batch_3_paired/task_3,1827.37934987909,878.4082623834095,51.9307109144289,896,112
03_posadd6h_024,2023-10-19 20:50:00,batch_1_paired/task_4,1311.9015624066117,840.6428589997316,35.921803655937545,168,76
10_posadd6h_104,2023-10-22 03:20:00,batch_2_paired/task_3,1209.3977228161923,975.2461872669094,19.36100350875805,986,86
04_sel6h_25,2023-11-03 09:30:00,batch_1_paired/task_4,1317.417235417619,1047.2438338500078,20.507808331653305,1106,184
08_posadd6h_066,2023-11-04 18:30:00,batch_3_paired/task_3,1055.4945966767798,820.0256222623059,22.308875398874328,1006,78
01_posadd6h_105,2023-11-08 16:30:00,batch_2_paired/task_4,1217.0636605239613,1553.9386496167829,-27.679323606440818,840,204
02_posadd6h_067,2023-11-23 00:30:00,batch_2_paired/task_4,884.4404289372234,760.828596922814,13.97627561677003,342,52
09_posadd6h_106,2023-11-23 12:20:00,batch_3_paired/task_3,2777.805156475706,1834.2024969202669,33.96936093072198,1072,142
10_sel6h_32,2023-11-25 05:00:00,batch_3_paired/task_3,1669.313692902692,1756.415200653238,-5.217803467429123,1150,234
01_posadd6h_025,2023-11-27 20:30:00,batch_3_paired/task_4,1089.270145782261,734.466250728641,32.57262639827671,716,80
03_sel6h_21,2023-11-28 18:30:00,batch_2_paired/task_4,1430.788020791438,570.5002334302902,60.1268514175343,742,66
02_sel6h_11,2023-12-13 20:30:00,batch_3_paired/task_4,461.7353653550328,314.77998980987365,31.826753281539034,560,30
04_posadd6h_026,2023-12-18 03:20:00,batch_2_paired/task_4,385.2206442636409,379.5487622281494,1.4723722936327635,220,34
03_posadd6h_107,2023-12-20 01:40:00,batch_3_paired/task_4,1666.4008607182602,936.2898541839456,43.813647949006615,586,140
04_sel6h_23,2023-12-20 18:50:00,batch_3_paired/task_4,967.9045242825964,893.3179302021824,7.705986717615254,834,72
05_sel6h_28,2023-12-22 16:50:00,batch_1_paired/task_4,1770.9857337298663,1140.8613400495487,35.58043307063886,1223,124
05_sel6h_34,2023-12-23 19:50:00,batch_3_paired/task_4,855.3277845041553,1018.17162975526,-19.038764810558266,866,74
05_posadd6h_068,2023-12-24 03:00:00,batch_2_paired/task_4,648.7037239952922,714.3397948797246,-10.11803516098033,564,70
06_posadd6h_108,2023-12-24 21:10:00,batch_3_paired/task_4,2022.023771616203,1415.8406862874945,29.97902862656192,911,84
06_posadd6h_109,2023-12-31 05:40:00,batch_2_paired/task_4,613.922967242321,631.8017195300512,-2.9122142747061135,408,68
07_posadd6h_069,2024-01-01 19:10:00,batch_3_paired/task_4,575.9470308980336,592.7176434416982,-2.911832450549376,802,50
06_posadd6h_027,2024-01-05 21:40:00,batch_1_paired/task_4,345.2528821967472,333.5916996943366,3.3775771626332918,318,22
07_sel6h_33,2024-01-15 17:50:00,batch_1_paired/task_4,1397.266460685459,496.2138015977462,64.4868165407536,560,46
08_posadd6h_070,2024-01-19 10:40:00,batch_3_paired/task_4,866.6786993491423,913.396258590972,-5.39041276506664,446,68
08_posadd6h_110,2024-01-21 05:00:00,batch_1_paired/task_4,1202.7909543898638,1585.0915368596966,-31.784457729295212,866,146
09_sel6h_49,2024-01-28 14:40:00,batch_3_paired/task_4,459.1967903900025,396.2368015783306,13.710894790488206,1092,56
09_posadd6h_028,2024-01-31 15:30:00,batch_1_paired/task_4,1323.3291065365577,1226.2361546825025,7.337022315497065,1054,126
10_posadd6h_071,2024-02-02 10:20:00,batch_3_paired/task_4,839.557020620367,597.2031105679932,28.86687909217806,294,54
10_sel6h_13,2024-02-03 00:40:00,batch_1_paired/task_4,995.19787499657,593.138883190313,40.399904572509534,584,66
07_posadd6h_029,2024-02-03 10:40:00,batch_2_paired/task_4,1237.9899893034926,517.4279861496541,58.20418657498475,956,32
01_posadd6h_112,2024-02-06 21:10:00,batch_1_paired/task_5,836.7713729983221,808.7160918360472,3.352801262995786,782,114
08_posadd6h_030,2024-02-13 10:50:00,batch_2_paired/task_4,310.02549111879927,165.9027866562704,46.487372358456234,268,16
01_posadd6h_031,2024-02-15 23:30:00,batch_3_paired/task_5,361.84469942270454,268.9375049963526,25.67598601681281,256,22
02_posadd6h_072,2024-02-21 01:20:00,batch_1_paired/task_5,573.8943004485501,325.1128390178677,43.349700674189876,558,26
03_posadd6h_032,2024-02-29 11:20:00,batch_1_paired/task_5,331.6258671335645,267.93147173735537,19.206703007445373,246,22
02_posadd6h_113,2024-03-23 15:00:00,batch_3_paired/task_5,718.545842895586,1039.3757992762291,-44.64989388676539,724,72
03_posadd6h_035,2024-05-01 20:20:00,batch_3_paired/task_5,993.0223509917322,1089.1150254143254,-9.67678867717583,680,76
09_posadd6h_036,2024-05-13 03:20:00,batch_2_paired/task_4,551.6765708052307,309.0439244024387,43.98095899716093,436,22
10_sel6h_03,2024-05-14 16:50:00,batch_2_paired/task_4,559.5792020578666,701.6380989061272,-25.386736377234076,674,38
01_posadd6h_114,2024-05-17 15:10:00,batch_2_paired/task_5,751.8991981187523,688.9489914256324,8.372160370781224,694,50
04_sel6h_50,2024-07-03 21:00:00,batch_3_paired/task_5,627.9891690617484,407.18709018566784,35.16017309756655,1288,86
04_posadd6h_115,2024-08-23 09:00:00,batch_1_paired/task_5,3103.488839984878,2618.0294135212334,15.642377063163849,1225,212
05_posadd6h_037,2024-08-23 15:30:00,batch_1_paired/task_5,1269.7483568289092,805.5621444635474,36.55733908761483,1066,70
05_sel6h_01,2024-08-26 09:00:00,batch_3_paired/task_5,404.52207135692623,263.32820984258336,34.903870891574115,546,28
06_posadd6h_038,2024-09-05 21:00:00,batch_3_paired/task_5,978.5759739705188,889.5562163421115,9.096867284326887,496,56
02_posadd6h_075,2024-09-06 03:30:00,batch_2_paired/task_5,545.4989286040516,424.58287795843023,22.166138979420037,236,40
03_posadd6h_116,2024-09-30 07:50:00,batch_2_paired/task_5,596.8917287125853,540.0132816710675,9.52910625251868,44,72
06_sel6h_22,2024-10-10 04:10:00,batch_1_paired/task_5,893.1187096092524,788.927420519706,11.666006765789408,840,108
07_posadd6h_076,2024-10-13 20:50:00,batch_3_paired/task_5,353.4892261721429,211.25601202417877,40.236930468341654,380,18
04_posadd6h_039,2024-10-16 04:50:00,batch_2_paired/task_5,381.14716405559506,329.5596399606572,13.534804652885514,192,32
05_sel6h_06,2024-10-16 12:00:00,batch_2_paired/task_5,372.4824402165083,337.9204749963614,9.27881733164588,258,34
06_sel6h_38,2024-11-17 20:00:00,batch_2_paired/task_5,2271.0878393981347,1661.253597318307,26.852076414685975,1056,180
07_sel6h_37,2024-11-17 21:00:00,batch_2_paired/task_5,2052.7164856899954,1468.9193812809074,28.440220969572998,928,162
08_sel6h_30,2024-11-17 22:50:00,batch_3_paired/task_5,1500.909450272648,848.2067289865174,43.48714848637696,934,134
07_posadd6h_077,2024-11-23 15:30:00,batch_1_paired/task_5,1771.3072294586325,1548.238645112615,12.59344401897995,1464,132
09_posadd6h_117,2024-11-24 07:00:00,batch_3_paired/task_5,1853.3395760014985,1341.7392591472042,27.604240662580047,1074,116
08_posadd6h_040,2024-11-29 23:50:00,batch_2_paired/task_5,306.51368461023657,263.3194686934199,14.092100315763238,238,30
08_posadd6h_078,2024-12-08 22:40:00,batch_1_paired/task_5,561.9826629537863,491.9300977818115,12.465253786260561,426,58
09_sel6h_12,2024-12-09 21:40:00,batch_2_paired/task_5,351.2089269806865,319.4643090299105,9.038670578131882,142,28
10_posadd6h_118,2024-12-15 09:10:00,batch_3_paired/task_5,586.5688665673491,532.9451717783994,9.14192652309696,494,44
09_posadd6h_079,2024-12-19 18:00:00,batch_1_paired/task_5,1855.5790377868125,1095.8847704935204,40.94108910603965,874,154
10_posadd6h_080,2024-12-31 14:10:00,batch_2_paired/task_5,1351.7506820394572,1523.7465875023584,-12.723937020945458,722,154
10_posadd6h_120,2025-01-01 18:00:00,batch_1_paired/task_5,2342.1899784789307,1639.9221014317736,29.98338663814219,976,164
