case_id,timestamp,selector_stratum,baseline_pump_m3,full_prediction_pump_m3,no_future_pump_m3,baseline_switches,full_prediction_switches,no_future_switches,full_vs_baseline_pump_reduction_pct,no_future_vs_baseline_pump_reduction_pct,full_vs_no_future_pump_reduction_pct,baseline_time_over_1p5deg_s,full_prediction_time_over_1p5deg_s,no_future_time_over_1p5deg_s,baseline_time_over_2deg_s,full_prediction_time_over_2deg_s,no_future_time_over_2deg_s,baseline_time_over_3deg_s,full_prediction_time_over_3deg_s,no_future_time_over_3deg_s,baseline_time_over_4deg_s,full_prediction_time_over_4deg_s,no_future_time_over_4deg_s,baseline_time_over_5deg_s,full_prediction_time_over_5deg_s,no_future_time_over_5deg_s,baseline_time_over_7p5deg_s,full_prediction_time_over_7p5deg_s,no_future_time_over_7p5deg_s,baseline_time_over_10deg_s,full_prediction_time_over_10deg_s,no_future_time_over_10deg_s
01_posadd6h_081,2021-10-11 23:30:00,w1_stable_direction_event,648.7831737219626,659.8800008598326,619.2824239373672,650,48,42,-1.710406124469807,4.54708922479516,-6.555583584037161,715.0,2138.0,2191.0,468.0,584.0,594.0,113.0,105.0,102.0,30.0,29.0,29.0,10.0,10.0,10.0,0.0,0.0,0.0,0.0,0.0,0.0
02_posadd6h_002,2021-11-09 17:50:00,p2_neutral_headroom,364.4942036912046,269.9663338007701,386.234267111219,382,48,36,25.93398439074149,-5.964446951379339,30.10295647252053,710.0,1519.0,1678.0,239.0,1184.0,1184.0,42.0,74.0,74.0,11.0,15.0,15.0,0.0,0.0,0.0,0.0,0.0,0.0,0.0,0.0,0.0
03_posadd6h_045,2022-01-09 01:00:00,c3_gusty_oscillatory,386.1492911842077,232.91802804335097,212.12151037318685,362,30,22,39.681870882357686,45.06748679437639,-9.804058830986383,342.0,1391.0,1338.0,81.0,238.0,238.0,11.0,15.0,15.0,0.0,0.0,0.0,0.0,0.0,0.0,0.0,0.0,0.0,0.0,0.0,0.0
04_posadd6h_085,2022-01-26 20:00:00,w1_stable_direction_event,990.5842502495972,1037.16807835613,1032.2352916289751,918,82,70,-4.702661898247948,-4.204694489023336,-0.477874256689142,1100.0,1484.0,1266.0,812.0,1219.0,1173.0,187.0,177.0,163.0,55.0,53.0,51.0,22.0,21.0,21.0,0.0,0.0,0.0,0.0,0.0,0.0
05_posadd6h_046,2022-01-31 22:50:00,c3_gusty_oscillatory,499.65068823877846,264.3842473329562,494.8616512224899,680,26,34,47.08618369667703,0.958477017848099,46.57410880802138,305.0,1071.0,1800.0,73.0,292.0,336.0,11.0,16.0,16.0,0.0,0.0,0.0,0.0,0.0,0.0,0.0,0.0,0.0,0.0,0.0,0.0
06_posadd6h_047,2022-02-08 09:40:00,c3_gusty_oscillatory,1228.9518435059254,757.2886399399874,1194.6888406808998,948,62,86,38.379307216822106,2.7879857950561204,36.61206046685938,1513.0,3415.0,4327.0,1342.0,2413.0,2406.0,995.0,1695.0,1692.0,681.0,1001.0,999.0,280.0,287.0,284.0,26.0,26.0,26.0,5.0,5.0,5.0
07_posadd6h_048,2022-02-21 18:40:00,c3_gusty_oscillatory,1775.373624049017,1138.1292417264622,1138.502494142483,690,116,116,35.893536644372325,35.872512764611756,0.03278450578205057,2806.0,7764.0,7764.0,1642.0,6303.0,6305.0,1010.0,2869.0,2870.0,669.0,1659.0,1656.0,208.0,241.0,241.0,25.0,25.0,25.0,3.0,2.0,1.0
08_sel6h_04,2022-02-23 23:30:00,p2_neutral_headroom,1086.7308542585383,704.0608867686658,1178.63925398876,702,86,108,35.21294771288729,-8.457328635702487,40.264938200049116,1409.0,2457.0,3764.0,1209.0,2124.0,2140.0,940.0,1517.0,1515.0,482.0,908.0,903.0,113.0,99.0,98.0,17.0,17.0,16.0,0.0,0.0,0.0
09_sel6h_19,2022-02-27 21:10:00,p2_neutral_headroom,354.64800379416886,267.2658109498738,229.05499475463228,484,30,18,24.639132861159442,35.41342618480618,-16.681939739482054,421.0,1208.0,1193.0,133.0,575.0,575.0,26.0,29.0,29.0,5.0,5.0,5.0,0.0,0.0,0.0,0.0,0.0,0.0,0.0,0.0,0.0
10_posadd6h_008,2022-03-11 19:10:00,p2_neutral_headroom,890.2785305946381,796.2778444960112,1049.8540693705213,466,84,84,10.558570477470871,-17.92422632828165,24.15347354195151,1151.0,2886.0,3367.0,910.0,1909.0,1923.0,589.0,721.0,718.0,273.0,270.0,256.0,70.0,70.0,68.0,9.0,9.0,9.0,0.0,0.0,0.0
01_sel6h_15,2022-03-20 12:40:00,p2_neutral_headroom,633.787172869857,542.0183563503862,948.112404078502,740,64,60,14.47943733287181,-49.59476061740824,42.831846306536875,769.0,1145.0,1847.0,376.0,704.0,709.0,79.0,83.0,81.0,27.0,27.0,25.0,9.0,9.0,9.0,0.0,0.0,0.0,0.0,0.0,0.0
02_sel6h_26,2022-04-07 05:30:00,c3_gusty_oscillatory,1526.6819897708765,813.5423898060325,928.9139679398996,702,92,76,46.711732026908344,39.1547176056416,12.420049877141222,2521.0,3249.0,3252.0,1741.0,2641.0,2640.0,935.0,1438.0,1438.0,597.0,1190.0,1189.0,303.0,503.0,502.0,25.0,24.0,24.0,0.0,0.0,0.0
03_posadd6h_092,2022-10-07 17:50:00,w1_stable_direction_event,1172.6769770812575,1257.364908774532,1327.8109030345286,970,124,124,-7.221761264901709,-13.229041670059278,5.305423693916197,1699.0,6174.0,6753.0,916.0,3149.0,4999.0,456.0,596.0,2502.0,102.0,88.0,108.0,36.0,34.0,32.0,0.0,0.0,0.0,0.0,0.0,0.0
04_posadd6h_013,2022-10-31 20:50:00,p2_neutral_headroom,701.8245801267296,713.6430976884827,731.053413432634,982,38,38,-1.6839703105894344,-4.164692165758351,2.381538123514365,690.0,1750.0,1814.0,455.0,417.0,415.0,107.0,98.0,94.0,29.0,29.0,29.0,10.0,10.0,9.0,0.0,0.0,0.0,0.0,0.0,0.0
05_sel6h_08,2022-11-06 20:10:00,p2_neutral_headroom,1623.231063169177,1605.6671883061993,1703.7335110949473,804,146,144,1.082031712027883,-4.959395476858246,5.755966068057395,2518.0,4933.0,4094.0,1651.0,2816.0,2776.0,1201.0,2233.0,2229.0,925.0,1786.0,1720.0,662.0,1183.0,1182.0,83.0,83.0,80.0,22.0,22.0,22.0
06_posadd6h_055,2022-11-10 17:20:00,c3_gusty_oscillatory,840.8465026583963,745.1823513451193,1392.9855296351077,618,116,114,11.377124244535471,-65.66466355405944,46.50465956094177,1010.0,1909.0,3079.0,740.0,1266.0,1261.0,511.0,575.0,575.0,117.0,82.0,78.0,39.0,34.0,32.0,0.0,0.0,0.0,0.0,0.0,0.0
07_sel6h_10,2022-11-25 03:20:00,p2_neutral_headroom,432.1689541957639,262.3439078521632,228.24078539759904,562,30,18,39.295984751989685,47.18713984850228,-14.941730241225734,602.0,1575.0,743.0,360.0,1247.0,588.0,67.0,227.0,67.0,23.0,25.0,22.0,6.0,6.0,5.0,0.0,0.0,0.0,0.0,0.0,0.0
08_posadd6h_015,2022-12-04 20:00:00,p2_neutral_headroom,392.4755476575085,321.7846395769406,443.5891479406222,340,22,26,18.01154454143368,-13.023384663881696,27.45885667608488,607.0,692.0,681.0,381.0,348.0,345.0,74.0,73.0,71.0,25.0,25.0,25.0,8.0,7.0,7.0,0.0,0.0,0.0,0.0,0.0,0.0
09_sel6h_45,2022-12-31 04:00:00,w1_stable_direction_event,504.94945135636254,317.5868995964965,317.5868995964965,692,34,34,37.10520949306606,37.10520949306606,0.0,270.0,1101.0,1101.0,69.0,273.0,273.0,11.0,16.0,16.0,0.0,0.0,0.0,0.0,0.0,0.0,0.0,0.0,0.0,0.0,0.0,0.0
10_posadd6h_096,2023-01-07 16:20:00,w1_stable_direction_event,727.1585813213882,550.3964650159173,584.9291874192803,454,54,54,24.30860624435729,19.559611555934534,5.90374410203773,1199.0,3948.0,3849.0,1039.0,2482.0,2371.0,709.0,1545.0,1542.0,239.0,525.0,497.0,66.0,65.0,63.0,9.0,9.0,9.0,0.0,0.0,0.0
01_posadd6h_057,2023-01-08 01:00:00,c3_gusty_oscillatory,556.3233544163578,419.3649733076672,595.7961950597415,454,38,50,24.61848491914823,-7.095305334573799,29.612680177385705,855.0,1408.0,1731.0,653.0,1008.0,1002.0,454.0,581.0,581.0,124.0,114.0,113.0,47.0,40.0,39.0,5.0,5.0,5.0,0.0,0.0,0.0
02_sel6h_17,2023-01-31 10:30:00,p2_neutral_headroom,1822.4610548573664,986.3593323195594,898.5606490688795,842,68,48,45.87761808733103,50.69520708418076,-9.771035860702339,2854.0,3868.0,3110.0,1682.0,2254.0,2163.0,1202.0,1596.0,1588.0,969.0,1197.0,1196.0,659.0,653.0,650.0,73.0,71.0,68.0,22.0,22.0,22.0
03_sel6h_02,2023-02-11 05:50:00,p2_neutral_headroom,404.7628480730114,256.0620833316909,485.23617966529,344,20,24,36.73775037636304,-19.881600293948612,47.22939177612036,681.0,1021.0,1428.0,460.0,717.0,487.0,125.0,165.0,117.0,37.0,35.0,35.0,14.0,14.0,12.0,0.0,0.0,0.0,0.0,0.0,0.0
04_posadd6h_060,2023-03-22 09:00:00,c3_gusty_oscillatory,1058.0148329229762,973.4711535164984,1213.6617340160446,595,106,110,7.990783945146511,-14.711221076462884,19.790570450363308,1553.0,3295.0,4025.0,1375.0,2551.0,2563.0,923.0,2133.0,2126.0,546.0,1034.0,1029.0,179.0,180.0,178.0,25.0,25.0,24.0,0.0,0.0,0.0
05_sel6h_46,2023-03-23 23:10:00,w1_stable_direction_event,1069.4189600353625,861.4251980637596,886.745591066077,1244,78,72,19.449230820138553,17.081553235529412,2.8554292524732374,827.0,2485.0,2618.0,172.0,1607.0,1614.0,18.0,146.0,137.0,0.0,6.0,5.0,0.0,0.0,0.0,0.0,0.0,0.0,0.0,0.0,0.0
06_posadd6h_101,2023-06-11 01:20:00,w1_stable_direction_event,425.0144482598161,264.4699480936021,485.2361987611387,336,24,24,37.77389235202454,-14.16934194776089,45.49665734567559,671.0,955.0,1621.0,600.0,657.0,652.0,321.0,300.0,290.0,72.0,69.0,68.0,28.0,27.0,27.0,0.0,0.0,0.0,0.0,0.0,0.0
07_sel6h_47,2023-07-04 05:40:00,w1_stable_direction_event,529.0709047665368,427.30633453436434,438.9204106656226,828,46,34,19.234580717886605,17.039397420785203,2.646055150100116,182.0,1450.0,1266.0,34.0,232.0,197.0,0.0,0.0,0.0,0.0,0.0,0.0,0.0,0.0,0.0,0.0,0.0,0.0,0.0,0.0,0.0
08_posadd6h_102,2023-08-07 05:30:00,w1_stable_direction_event,829.2002039659419,820.0730603955038,949.790784974518,584,94,82,1.1007165129463672,-14.542999438713258,13.657505066496766,981.0,2283.0,2004.0,645.0,1316.0,1248.0,240.0,232.0,341.0,55.0,42.0,41.0,20.0,19.0,19.0,0.0,0.0,0.0,0.0,0.0,0.0
09_sel6h_35,2023-09-18 18:40:00,c3_gusty_oscillatory,1959.0920832336271,1940.1267896387965,2230.6611576049168,1340,214,194,0.9680654501715421,-13.861986207562262,13.024585422829073,3070.0,8220.0,9451.0,1132.0,5482.0,6670.0,203.0,2172.0,2404.0,40.0,97.0,451.0,9.0,17.0,45.0,0.0,0.0,0.0,0.0,0.0,0.0
10_posadd6h_064,2023-10-04 14:50:00,c3_gusty_oscillatory,574.0868929168678,553.9657586389646,908.1465425882598,244,68,54,3.5048935145810467,-58.18973639583971,39.00039997287921,902.0,1405.0,1796.0,639.0,956.0,936.0,353.0,345.0,342.0,75.0,75.0,74.0,29.0,29.0,29.0,0.0,0.0,0.0,0.0,0.0,0.0
01_sel6h_18,2023-10-06 13:00:00,p2_neutral_headroom,843.8506092028008,637.4092500181616,1010.7095135596312,328,74,80,24.464206926350105,-19.773512341771568,36.93447608173178,1131.0,2483.0,2934.0,898.0,2043.0,2033.0,616.0,961.0,962.0,449.0,575.0,575.0,128.0,127.0,127.0,22.0,22.0,22.0,0.0,0.0,0.0
02_posadd6h_103,2023-10-06 20:00:00,w1_stable_direction_event,1547.168711463276,1270.2781300474192,1709.2124847150626,684,126,110,17.896599082202236,-10.473568399565776,25.680502488303365,2432.0,7770.0,8210.0,1046.0,5048.0,5120.0,602.0,1443.0,2737.0,225.0,231.0,265.0,65.0,64.0,63.0,9.0,9.0,8.0,0.0,0.0,0.0
03_posadd6h_024,2023-10-19 20:50:00,p2_neutral_headroom,1311.9015624066117,840.6428589997316,953.9297574512462,168,76,52,35.921803655937545,27.286483621430083,11.875811354726977,3192.0,3197.0,3167.0,2149.0,2514.0,2490.0,1245.0,1873.0,1763.0,981.0,1220.0,1216.0,665.0,656.0,651.0,70.0,68.0,68.0,22.0,22.0,22.0
04_sel6h_25,2023-11-03 09:30:00,c3_gusty_oscillatory,1317.417235417619,1047.2438338500078,1111.8409944557693,1106,184,94,20.507808331653305,15.604490015396095,5.809927941843958,1721.0,3774.0,2831.0,969.0,2878.0,1515.0,179.0,931.0,658.0,44.0,112.0,70.0,6.0,18.0,11.0,0.0,0.0,0.0,0.0,0.0,0.0
05_sel6h_28,2023-12-22 16:50:00,c3_gusty_oscillatory,1770.9857337298663,1140.8613400495487,1155.1318256015306,1223,124,98,35.58043307063886,34.774639704820665,1.235398872726114,2334.0,4455.0,4901.0,727.0,2376.0,2231.0,58.0,359.0,377.0,0.0,13.0,17.0,0.0,0.0,0.0,0.0,0.0,0.0,0.0,0.0,0.0
06_posadd6h_027,2024-01-05 21:40:00,p2_neutral_headroom,345.2528821967472,333.5916996943366,386.2621238603473,318,22,26,3.3775771626332918,-11.878030214453188,13.635927757973393,559.0,1583.0,1583.0,315.0,1012.0,1012.0,63.0,165.0,165.0,21.0,23.0,23.0,4.0,4.0,4.0,0.0,0.0,0.0,0.0,0.0,0.0
07_sel6h_33,2024-01-15 17:50:00,c3_gusty_oscillatory,1397.266460685459,496.2138015977462,670.3003378991227,560,46,54,64.4868165407536,52.027737245600775,25.97142302613247,2295.0,2279.0,2559.0,1441.0,1829.0,1863.0,812.0,1236.0,1232.0,460.0,753.0,726.0,106.0,83.0,82.0,14.0,11.0,11.0,0.0,0.0,0.0
08_posadd6h_110,2024-01-21 05:00:00,w1_stable_direction_event,1202.7909543898638,1585.0915368596966,2073.415025244978,866,146,162,-31.784457729295212,-72.3836563350905,23.55165186128547,1321.0,4213.0,7235.0,1209.0,2858.0,4110.0,1034.0,1812.0,1833.0,761.0,1206.0,1203.0,346.0,794.0,767.0,34.0,32.0,32.0,7.0,7.0,7.0
09_posadd6h_028,2024-01-31 15:30:00,p2_neutral_headroom,1323.3291065365577,1226.2361546825025,1042.4682226953223,1054,126,88,7.337022315497065,21.22381216085467,-17.62815671369287,1625.0,3761.0,3418.0,1364.0,3063.0,3005.0,872.0,2161.0,2156.0,587.0,950.0,941.0,355.0,489.0,472.0,32.0,32.0,29.0,7.0,7.0,7.0
10_sel6h_13,2024-02-03 00:40:00,p2_neutral_headroom,995.19787499657,593.138883190313,1320.373857275822,584,66,74,40.399904572509534,-32.67450528673735,55.077959176345,1227.0,1899.0,3878.0,1096.0,1565.0,1919.0,791.0,1200.0,1200.0,581.0,631.0,630.0,292.0,288.0,287.0,26.0,26.0,26.0,5.0,5.0,5.0
01_posadd6h_112,2024-02-06 21:10:00,w1_stable_direction_event,836.7713729983221,808.7160918360472,1027.366396712216,782,114,74,3.352801262995786,-22.777431191384238,21.282602348674715,949.0,2017.0,1986.0,714.0,1080.0,1065.0,529.0,587.0,587.0,184.0,179.0,172.0,61.0,60.0,59.0,7.0,7.0,7.0,0.0,0.0,0.0
02_posadd6h_072,2024-02-21 01:20:00,c3_gusty_oscillatory,573.8943004485501,325.1128390178677,664.5937204902294,558,26,42,43.349700674189876,-15.804202963993468,51.08096435547838,681.0,1300.0,2205.0,595.0,620.0,620.0,226.0,208.0,198.0,60.0,57.0,56.0,24.0,23.0,22.0,0.0,0.0,0.0,0.0,0.0,0.0
03_posadd6h_032,2024-02-29 11:20:00,p2_neutral_headroom,331.6258671335645,267.93147173735537,497.1722531881375,246,22,40,19.206703007445373,-49.91962402857378,46.108925021612976,625.0,767.0,1062.0,534.0,594.0,592.0,130.0,121.0,120.0,41.0,37.0,37.0,17.0,17.0,17.0,0.0,0.0,0.0,0.0,0.0,0.0
04_posadd6h_115,2024-08-23 09:00:00,w1_stable_direction_event,3103.488839984878,2618.0294135212334,2637.662069537413,1225,212,210,15.642377063163849,15.009777526692652,0.7443203677574516,5820.0,10722.0,11147.0,3808.0,7439.0,7819.0,2106.0,4059.0,4073.0,1797.0,2731.0,2738.0,1298.0,1873.0,1876.0,204.0,199.0,199.0,36.0,36.0,36.0
05_posadd6h_037,2024-08-23 15:30:00,p2_neutral_headroom,1269.7483568289092,805.5621444635474,1238.9454896700054,1066,70,78,36.55733908761483,2.4259032896747694,34.980017185573686,1528.0,3790.0,5159.0,1199.0,1889.0,2000.0,805.0,1586.0,1585.0,536.0,663.0,661.0,197.0,193.0,192.0,25.0,25.0,25.0,1.0,1.0,0.0
06_sel6h_22,2024-10-10 04:10:00,c3_gusty_oscillatory,893.1187096092524,788.927420519706,1075.7746375737695,840,108,96,11.666006765789408,-20.451472575737522,26.664247978647243,1640.0,2667.0,3842.0,683.0,1757.0,2013.0,82.0,481.0,481.0,13.0,38.0,38.0,0.0,0.0,0.0,0.0,0.0,0.0,0.0,0.0,0.0
07_posadd6h_077,2024-11-23 15:30:00,c3_gusty_oscillatory,1771.3072294586325,1548.238645112615,1657.2032798860562,1464,132,148,12.59344401897995,6.441793251611697,6.575212353003147,1804.0,4627.0,5513.0,1484.0,3835.0,3860.0,1037.0,3090.0,3084.0,715.0,1848.0,1836.0,257.0,647.0,640.0,26.0,26.0,26.0,5.0,5.0,5.0
08_posadd6h_078,2024-12-08 22:40:00,c3_gusty_oscillatory,561.9826629537863,491.9300977818115,898.7084230973263,426,58,78,12.465253786260561,-59.91746406796718,45.26254732470249,701.0,1654.0,2120.0,588.0,1074.0,1072.0,131.0,183.0,178.0,37.0,37.0,37.0,15.0,14.0,14.0,0.0,0.0,0.0,0.0,0.0,0.0
09_posadd6h_079,2024-12-19 18:00:00,c3_gusty_oscillatory,1855.5790377868125,1095.8847704935204,1074.8817771019103,874,154,94,40.94108910603965,42.07297262939853,-1.953981715853273,3688.0,4799.0,5250.0,1885.0,3287.0,3638.0,365.0,665.0,395.0,110.0,99.0,98.0,28.0,25.0,24.0,0.0,0.0,0.0,0.0,0.0,0.0
10_posadd6h_120,2025-01-01 18:00:00,w1_stable_direction_event,2342.1899784789307,1639.9221014317736,1679.6836779519033,976,164,146,29.98338663814219,28.285762752570285,2.3672062211506595,3897.0,8738.0,7979.0,2247.0,6185.0,5796.0,946.0,3677.0,3078.0,560.0,1907.0,1120.0,167.0,288.0,177.0,22.0,22.0,22.0,0.0,0.0,0.0
01_posadd6h_041,2021-10-04 14:20:00,c3_gusty_oscillatory,906.8413759462356,564.0861537162338,988.7346037515669,752,70,88,37.796601624220884,-9.030601158871963,42.94867888957104,1317.0,2485.0,4189.0,1018.0,1574.0,1915.0,526.0,995.0,987.0,133.0,140.0,139.0,55.0,52.0,50.0,7.0,7.0,6.0,0.0,0.0,0.0
02_sel6h_41,2021-10-04 15:10:00,w1_stable_direction_event,772.0657608974248,473.1250220648334,883.4057098801984,666,58,76,38.71959539885724,-14.42104476351284,46.44306497305802,1209.0,1922.0,3481.0,925.0,1276.0,1579.0,382.0,607.0,561.0,92.0,78.0,75.0,34.0,32.0,30.0,0.0,0.0,0.0,0.0,0.0,0.0
03_posadd6h_042,2021-10-27 09:30:00,c3_gusty_oscillatory,652.5813684603386,655.8532936804401,955.2750057732896,504,118,82,-0.5013819545325151,-46.38404526122287,31.344032899768944,840.0,2089.0,2385.0,648.0,1325.0,1325.0,419.0,581.0,581.0,74.0,69.0,67.0,27.0,26.0,25.0,0.0,0.0,0.0,0.0,0.0,0.0
04_posadd6h_082,2021-10-31 16:00:00,w1_stable_direction_event,1780.1360059163771,1721.0235439603296,1947.717435088954,992,188,168,3.3206711037574745,-9.413967731432377,11.638951679778497,3096.0,7237.0,7352.0,1840.0,5251.0,4981.0,749.0,2564.0,2374.0,189.0,1300.0,1854.0,46.0,169.0,693.0,0.0,0.0,9.0,0.0,0.0,0.0
05_posadd6h_044,2021-12-31 00:20:00,c3_gusty_oscillatory,851.4359573869881,986.9535267021522,1385.6459189298082,66,94,98,-15.916354969440139,-62.742236442806835,28.77303550502878,1398.0,2695.0,3733.0,1198.0,2148.0,2147.0,765.0,1263.0,1261.0,186.0,204.0,203.0,53.0,52.0,49.0,5.0,5.0,5.0,0.0,0.0,0.0
06_posadd6h_084,2022-01-02 11:00:00,w1_stable_direction_event,1547.5117473716966,1798.5732788389523,1886.5387068666237,1088,146,154,-16.22356223748609,-21.9078763098718,4.662794763102118,2101.0,7042.0,6756.0,1124.0,3925.0,3472.0,388.0,674.0,634.0,67.0,67.0,65.0,25.0,25.0,25.0,0.0,0.0,0.0,0.0,0.0,0.0
07_sel6h_29,2022-02-04 17:00:00,c3_gusty_oscillatory,983.6139617079132,529.4850206426961,1117.7763458660636,828,86,72,46.16942812368008,-13.63973971304713,52.63050407168473,1196.0,1810.0,3589.0,721.0,1129.0,1375.0,158.0,354.0,626.0,35.0,41.0,80.0,8.0,9.0,23.0,0.0,0.0,0.0,0.0,0.0,0.0
08_posadd6h_087,2022-02-09 04:20:00,w1_stable_direction_event,559.2435367330999,518.4693353862957,626.5401095937717,28,70,58,7.29095620576903,-12.033500334003733,17.248819756734424,1060.0,2397.0,2397.0,841.0,1633.0,1633.0,370.0,892.0,892.0,73.0,72.0,70.0,29.0,28.0,28.0,0.0,0.0,0.0,0.0,0.0,0.0
09_sel6h_14,2022-03-11 00:50:00,p2_neutral_headroom,370.4132524804501,312.47240977679485,430.7137354395971,372,30,28,15.642216447618411,-16.279245560289322,27.452415823730867,451.0,1309.0,1274.0,186.0,933.0,933.0,30.0,53.0,53.0,9.0,9.0,9.0,0.0,0.0,0.0,0.0,0.0,0.0,0.0,0.0,0.0
10_posadd6h_050,2022-04-08 05:10:00,c3_gusty_oscillatory,324.42183026025873,196.4117758334883,263.35292368520203,284,20,20,39.457904027012546,18.823920241762337,25.418798058126594,583.0,1280.0,1261.0,272.0,878.0,878.0,59.0,131.0,131.0,19.0,21.0,21.0,2.0,2.0,2.0,0.0,0.0,0.0,0.0,0.0,0.0
01_posadd6h_010,2022-05-13 12:50:00,p2_neutral_headroom,347.84947825457874,287.5932321758836,530.7262999531623,278,26,34,17.322505809422466,-52.5735506680112,45.81138485104953,548.0,1379.0,1764.0,316.0,1193.0,1193.0,56.0,112.0,112.0,17.0,20.0,20.0,0.0,0.0,0.0,0.0,0.0,0.0,0.0,0.0,0.0
02_posadd6h_091,2022-06-06 23:30:00,w1_stable_direction_event,1662.230132152856,1466.6885962716706,1489.0843488912385,698,152,138,11.763806472929687,10.416474825743038,1.5039948970146417,2796.0,7105.0,7059.0,1695.0,5099.0,5212.0,1201.0,2818.0,2869.0,980.0,1604.0,1597.0,586.0,987.0,983.0,44.0,39.0,39.0,9.0,9.0,9.0
03_posadd6h_011,2022-09-17 06:00:00,p2_neutral_headroom,857.8229744690605,725.3578812500922,1025.8909874391236,516,120,80,15.442008102074439,-19.59238886952018,29.29483832772876,1045.0,2056.0,2276.0,822.0,1524.0,1517.0,509.0,592.0,590.0,116.0,125.0,117.0,39.0,39.0,37.0,2.0,1.0,1.0,0.0,0.0,0.0
04_sel6h_44,2022-09-30 13:00:00,w1_stable_direction_event,445.0651373058494,411.4736267111238,654.1102349402802,826,60,58,7.547549286396133,-46.96955122116758,37.09414640963521,81.0,543.0,1138.0,16.0,64.0,67.0,0.0,0.0,0.0,0.0,0.0,0.0,0.0,0.0,0.0,0.0,0.0,0.0,0.0,0.0,0.0
05_sel6h_40,2022-10-05 20:10:00,c3_gusty_oscillatory,1277.6475604239715,1040.8914415873603,1897.132555511434,742,148,140,18.530628177151343,-48.486375607518404,45.13343632402355,1570.0,3630.0,6253.0,380.0,1381.0,1778.0,37.0,70.0,55.0,0.0,7.0,0.0,0.0,0.0,0.0,0.0,0.0,0.0,0.0,0.0,0.0
06_posadd6h_053,2022-10-16 11:50:00,c3_gusty_oscillatory,713.7684412017734,518.6335654516157,717.940445755784,1012,48,48,27.338680794237508,-0.5845039249684714,27.760921046084217,668.0,1642.0,2181.0,522.0,592.0,590.0,124.0,119.0,117.0,37.0,35.0,35.0,14.0,14.0,12.0,0.0,0.0,0.0,0.0,0.0,0.0
07_posadd6h_012,2022-10-24 18:30:00,p2_neutral_headroom,372.04095742245056,310.75782990275053,456.6385259696127,388,30,36,16.47214541761147,-22.73877831442683,31.94664658596281,540.0,1391.0,1383.0,274.0,865.0,865.0,50.0,75.0,75.0,11.0,15.0,15.0,0.0,0.0,0.0,0.0,0.0,0.0,0.0,0.0,0.0
08_posadd6h_054,2022-11-06 07:20:00,c3_gusty_oscillatory,445.35098197778194,418.008336289505,493.42213315685507,188,58,40,6.139572336149253,-10.793992406975617,15.283829362266692,935.0,1561.0,1619.0,734.0,1065.0,1053.0,296.0,279.0,275.0,67.0,63.0,62.0,25.0,25.0,25.0,0.0,0.0,0.0,0.0,0.0,0.0
09_posadd6h_094,2022-11-25 00:40:00,w1_stable_direction_event,514.5302520903097,414.1010766125815,830.7413188794025,500,46,70,19.518614322428796,-61.456263359533594,50.15282528968611,881.0,1530.0,2870.0,684.0,952.0,967.0,246.0,268.0,252.0,64.0,62.0,60.0,25.0,25.0,25.0,0.0,0.0,0.0,0.0,0.0,0.0
10_posadd6h_014,2022-11-27 14:30:00,p2_neutral_headroom,482.11202655513927,394.5596006853474,374.27251804310066,504,42,32,18.160182913374904,22.368143205758628,-5.420404027610304,855.0,1875.0,975.0,378.0,1537.0,714.0,68.0,475.0,67.0,24.0,25.0,23.0,7.0,7.0,6.0,0.0,0.0,0.0,0.0,0.0,0.0
01_posadd6h_056,2022-12-19 21:20:00,c3_gusty_oscillatory,970.6882803796542,759.2076615635108,1083.2084782257623,444,84,90,21.786666542778228,-11.59179523647894,29.91121498540591,1370.0,2305.0,3591.0,1216.0,1914.0,2089.0,1025.0,1596.0,1589.0,710.0,1186.0,1186.0,360.0,609.0,597.0,34.0,34.0,34.0,7.0,7.0,7.0
02_posadd6h_017,2022-12-30 00:30:00,p2_neutral_headroom,1277.9424269119131,861.0649357039031,1145.4789853695377,1402,92,80,32.620991558702265,10.365368482402374,24.82926821864664,1150.0,3765.0,4297.0,910.0,2082.0,1995.0,606.0,951.0,947.0,340.0,338.0,325.0,78.0,78.0,74.0,10.0,10.0,10.0,0.0,0.0,0.0
03_posadd6h_018,2023-01-11 14:50:00,p2_neutral_headroom,1357.576117393458,1197.1715195699765,1312.6693768951563,1278,176,118,11.815514118755848,3.307861704618257,8.798701284428972,1621.0,4944.0,5424.0,554.0,2394.0,4692.0,76.0,101.0,319.0,10.0,13.0,22.0,0.0,0.0,0.0,0.0,0.0,0.0,0.0,0.0,0.0
04_posadd6h_058,2023-01-30 20:30:00,c3_gusty_oscillatory,842.5895152003087,508.3452093172353,916.3811339393822,815,60,60,39.66869986551085,-8.757718605308181,44.52687964756137,1291.0,2380.0,3480.0,839.0,1799.0,1829.0,243.0,263.0,252.0,61.0,60.0,57.0,24.0,24.0,23.0,0.0,0.0,0.0,0.0,0.0,0.0
05_sel6h_09,2023-02-03 14:10:00,p2_neutral_headroom,1307.325166665161,1240.5819706318716,1316.1159590864966,818,116,82,5.105324806340553,-0.6724258543694833,5.739159071291283,1469.0,3096.0,3583.0,1270.0,2154.0,2167.0,981.0,1556.0,1557.0,665.0,945.0,945.0,509.0,550.0,551.0,48.0,48.0,47.0,10.0,9.0,9.0
06_posadd6h_019,2023-02-20 10:30:00,p2_neutral_headroom,862.3204100595843,700.6078797800346,1048.2799137934785,282,98,74,18.753183665034175,-21.565012443697672,33.16595400128392,1310.0,2357.0,3302.0,1050.0,1958.0,1970.0,751.0,1513.0,1513.0,530.0,599.0,599.0,192.0,188.0,188.0,25.0,25.0,25.0,0.0,0.0,0.0
07_posadd6h_099,2023-03-07 00:00:00,w1_stable_direction_event,2093.496272406285,1713.8822899667678,1782.9995726856307,836,162,158,18.133014490786987,14.831490450363505,3.8764609805685777,3816.0,10507.0,10437.0,2195.0,8260.0,8788.0,879.0,2979.0,3650.0,401.0,417.0,503.0,104.0,95.0,95.0,14.0,14.0,14.0,0.0,0.0,0.0
08_posadd6h_100,2023-03-24 12:30:00,w1_stable_direction_event,1037.258104432001,436.6452996624268,663.8374061753534,618,38,54,57.90389124975482,36.00075011813298,34.22405914452395,1215.0,1721.0,2365.0,1009.0,1254.0,1252.0,614.0,907.0,903.0,271.0,196.0,191.0,60.0,59.0,59.0,7.0,7.0,7.0,0.0,0.0,0.0
09_posadd6h_061,2023-04-01 08:40:00,c3_gusty_oscillatory,792.039669958504,758.9909296868476,711.8948649481146,222,84,62,4.17261174221082,10.118786728774369,-6.615592703027234,1432.0,2550.0,2534.0,1104.0,1875.0,1873.0,766.0,1579.0,1575.0,370.0,426.0,410.0,102.0,102.0,99.0,16.0,16.0,15.0,0.0,0.0,0.0
10_posadd6h_104,2023-10-22 03:20:00,w1_stable_direction_event,1209.3977228161923,975.2461872669094,1257.4986221639706,986,86,108,19.36100350875805,-3.9772606182663375,22.445546255259206,1542.0,4418.0,5122.0,872.0,2620.0,2656.0,600.0,703.0,701.0,393.0,574.0,571.0,116.0,113.0,110.0,19.0,19.0,19.0,0.0,0.0,0.0
01_posadd6h_105,2023-11-08 16:30:00,w1_stable_direction_event,1217.0636605239613,1553.9386496167829,1618.0304798925383,840,204,156,-27.679323606440818,-32.94542696278975,3.961101541178144,1630.0,5092.0,7249.0,1345.0,3257.0,3996.0,918.0,2178.0,2170.0,532.0,1265.0,1256.0,178.0,225.0,218.0,25.0,25.0,25.0,0.0,0.0,0.0
02_posadd6h_067,2023-11-23 00:30:00,c3_gusty_oscillatory,884.4404289372234,760.828596922814,805.77513697482,342,52,48,13.97627561677003,8.894357312106422,5.57805000297628,1484.0,2919.0,2932.0,1313.0,2477.0,2453.0,882.0,1690.0,1681.0,603.0,734.0,732.0,434.0,494.0,467.0,38.0,38.0,37.0,9.0,8.0,8.0
03_sel6h_21,2023-11-28 18:30:00,c3_gusty_oscillatory,1430.788020791438,570.5002334302902,758.6636130371834,742,66,70,60.1268514175343,46.975820176525524,24.801951269761364,2691.0,3276.0,4287.0,1822.0,1480.0,2848.0,854.0,1193.0,1246.0,533.0,575.0,575.0,123.0,107.0,105.0,19.0,19.0,19.0,0.0,0.0,0.0
04_posadd6h_026,2023-12-18 03:20:00,p2_neutral_headroom,385.2206442636409,379.5487622281494,492.8150116507904,220,34,32,1.4723722936327635,-27.930581859863416,22.983522568281998,634.0,964.0,958.0,416.0,620.0,619.0,67.0,66.0,65.0,23.0,23.0,22.0,6.0,5.0,5.0,0.0,0.0,0.0,0.0,0.0,0.0
05_posadd6h_068,2023-12-24 03:00:00,c3_gusty_oscillatory,648.7037239952922,714.3397948797246,1001.7309046269628,564,70,58,-10.11803516098033,-54.42040296260618,28.689452269046296,958.0,1569.0,1986.0,735.0,1071.0,1063.0,309.0,289.0,286.0,70.0,68.0,67.0,26.0,26.0,25.0,0.0,0.0,0.0,0.0,0.0,0.0
06_posadd6h_109,2023-12-31 05:40:00,w1_stable_direction_event,613.922967242321,631.8017195300512,831.7522828484729,408,68,68,-2.9122142747061135,-35.481538764483574,24.03967713002939,1042.0,2002.0,2124.0,871.0,1570.0,1565.0,462.0,636.0,634.0,115.0,83.0,80.0,37.0,34.0,32.0,0.0,0.0,0.0,0.0,0.0,0.0
07_posadd6h_029,2024-02-03 10:40:00,p2_neutral_headroom,1237.9899893034926,517.4279861496541,1444.1144502892216,956,32,76,58.20418657498475,-16.64992954439777,64.16987683725306,1388.0,2386.0,5863.0,1199.0,1816.0,2231.0,915.0,1315.0,1317.0,612.0,856.0,831.0,435.0,500.0,469.0,39.0,38.0,37.0,9.0,9.0,8.0
08_posadd6h_030,2024-02-13 10:50:00,p2_neutral_headroom,310.02549111879927,165.9027866562704,165.9027866562704,268,16,16,46.487372358456234,46.487372358456234,0.0,237.0,1076.0,1076.0,67.0,243.0,243.0,11.0,16.0,16.0,0.0,0.0,0.0,0.0,0.0,0.0,0.0,0.0,0.0,0.0,0.0,0.0
09_posadd6h_036,2024-05-13 03:20:00,p2_neutral_headroom,551.6765708052307,309.0439244024387,590.5707606135254,436,22,34,43.98095899716093,-7.05017973692893,47.670297106923705,799.0,1050.0,1860.0,585.0,697.0,746.0,247.0,230.0,218.0,62.0,60.0,60.0,25.0,24.0,24.0,0.0,0.0,0.0,0.0,0.0,0.0
10_sel6h_03,2024-05-14 16:50:00,p2_neutral_headroom,559.5792020578666,701.6380989061272,1146.7773255488746,674,38,60,-25.386736377234076,-104.93565903299697,38.816535409757364,684.0,1693.0,2356.0,594.0,671.0,668.0,260.0,242.0,235.0,63.0,62.0,62.0,25.0,25.0,25.0,0.0,0.0,0.0,0.0,0.0,0.0
01_posadd6h_114,2024-05-17 15:10:00,w1_stable_direction_event,751.8991981187523,688.9489914256324,932.181691659595,694,50,68,8.372160370781224,-23.97694983475291,26.092842458740755,986.0,2007.0,2684.0,825.0,1302.0,1299.0,516.0,675.0,672.0,158.0,143.0,137.0,57.0,56.0,56.0,7.0,7.0,7.0,0.0,0.0,0.0
02_posadd6h_075,2024-09-06 03:30:00,c3_gusty_oscillatory,545.4989286040516,424.58287795843023,548.0957808099072,236,40,32,22.166138979420037,-0.4760508352419749,22.53491217702225,957.0,1371.0,1358.0,807.0,1204.0,1203.0,535.0,664.0,652.0,196.0,188.0,184.0,61.0,61.0,60.0,8.0,8.0,7.0,0.0,0.0,0.0
03_posadd6h_116,2024-09-30 07:50:00,w1_stable_direction_event,596.8917287125853,540.0132816710675,905.8987779241488,44,72,68,9.52910625251868,-51.76936357922901,40.38922506237414,1022.0,2154.0,2445.0,792.0,1560.0,1557.0,587.0,633.0,630.0,276.0,274.0,267.0,70.0,70.0,70.0,10.0,9.0,9.0,0.0,0.0,0.0
04_posadd6h_039,2024-10-16 04:50:00,p2_neutral_headroom,381.14716405559506,329.5596399606572,397.91362350509263,192,32,24,13.534804652885514,-4.398946399362945,17.178095824497603,708.0,993.0,992.0,455.0,430.0,423.0,84.0,77.0,75.0,29.0,27.0,27.0,9.0,9.0,9.0,0.0,0.0,0.0,0.0,0.0,0.0
05_sel6h_06,2024-10-16 12:00:00,p2_neutral_headroom,372.4824402165083,337.9204749963614,535.9835173490725,258,34,38,9.27881733164588,-43.89497583766041,36.95319649610002,552.0,1554.0,1545.0,309.0,1201.0,1201.0,53.0,101.0,101.0,17.0,19.0,19.0,0.0,0.0,0.0,0.0,0.0,0.0,0.0,0.0,0.0
06_sel6h_38,2024-11-17 20:00:00,c3_gusty_oscillatory,2271.0878393981347,1661.253597318307,1851.994011230814,1056,180,122,26.852076414685975,18.453439840459254,10.299191722857856,3219.0,8031.0,7484.0,1435.0,3870.0,3859.0,726.0,905.0,766.0,401.0,410.0,385.0,105.0,108.0,92.0,13.0,12.0,12.0,0.0,0.0,0.0
07_sel6h_37,2024-11-17 21:00:00,c3_gusty_oscillatory,2052.7164856899954,1468.9193812809074,1398.919365410714,928,162,96,28.440220969572998,31.85033709414165,-5.003863525017534,3162.0,7200.0,5170.0,1390.0,5352.0,2989.0,511.0,1343.0,767.0,98.0,149.0,103.0,37.0,28.0,28.0,0.0,0.0,0.0,0.0,0.0,0.0
08_posadd6h_040,2024-11-29 23:50:00,p2_neutral_headroom,306.51368461023657,263.3194686934199,333.56991512436144,238,30,30,14.092100315763238,-8.827087295802025,21.060186559315703,699.0,1541.0,793.0,355.0,1204.0,635.0,66.0,215.0,64.0,23.0,25.0,22.0,6.0,6.0,5.0,0.0,0.0,0.0,0.0,0.0,0.0
09_sel6h_12,2024-12-09 21:40:00,p2_neutral_headroom,351.2089269806865,319.4643090299105,398.5377864155629,142,28,22,9.038670578131882,-13.47598417892125,19.840898424422164,812.0,990.0,958.0,394.0,339.0,327.0,67.0,66.0,63.0,23.0,22.0,22.0,5.0,5.0,5.0,0.0,0.0,0.0,0.0,0.0,0.0
10_posadd6h_080,2024-12-31 14:10:00,c3_gusty_oscillatory,1351.7506820394572,1523.7465875023584,1743.8930727698132,722,154,150,-12.723937020945458,-29.00996433297228,12.623852270815991,1914.0,3910.0,3886.0,1652.0,3016.0,3008.0,1276.0,2202.0,2197.0,704.0,1423.0,1398.0,129.0,128.0,125.0,14.0,13.0,12.0,0.0,0.0,0.0
01_posadd6h_001,2021-10-17 18:30:00,p2_neutral_headroom,273.4757275174253,246.09626463289607,321.8803683847555,202,28,32,10.011661046878345,-17.699794167014684,23.54418324179122,203.0,1270.0,1270.0,60.0,175.0,175.0,9.0,9.0,9.0,0.0,0.0,0.0,0.0,0.0,0.0,0.0,0.0,0.0,0.0,0.0,0.0
02_sel6h_31,2021-10-21 19:50:00,c3_gusty_oscillatory,2606.3785406098004,1421.2632265634645,1584.5039203261945,1219,186,124,45.469807841844066,39.20668484496206,10.302321860404382,5022.0,6348.0,7014.0,2393.0,3909.0,4000.0,1061.0,1904.0,1890.0,300.0,631.0,564.0,65.0,76.0,76.0,9.0,9.0,9.0,0.0,0.0,0.0
03_posadd6h_003,2021-11-19 12:50:00,p2_neutral_headroom,404.2711272977309,302.6927403825913,432.56577182706974,192,16,20,25.12630263608483,-6.998927852817165,30.02388073747056,760.0,1031.0,1175.0,563.0,725.0,721.0,219.0,197.0,188.0,59.0,56.0,56.0,23.0,22.0,22.0,0.0,0.0,0.0,0.0,0.0,0.0
04_posadd6h_083,2021-11-30 05:10:00,w1_stable_direction_event,1822.102603676095,980.822665393634,1543.7294553751606,1083,140,120,46.17083234419276,15.27757809792468,36.46408300505789,2244.0,4740.0,4790.0,1858.0,2461.0,2997.0,1095.0,1827.0,1852.0,688.0,1779.0,1779.0,281.0,340.0,334.0,26.0,26.0,26.0,5.0,5.0,5.0
05_posadd6h_004,2021-12-30 03:10:00,p2_neutral_headroom,322.35573899297975,243.12712103434671,422.3289180743604,340,20,28,24.578007578254557,-31.013308276654524,42.43180833012747,461.0,1037.0,1037.0,211.0,604.0,604.0,35.0,56.0,56.0,9.0,9.0,9.0,0.0,0.0,0.0,0.0,0.0,0.0,0.0,0.0,0.0
06_posadd6h_005,2021-12-31 13:20:00,p2_neutral_headroom,960.1526955004427,498.1295406366774,1021.5751403452527,494,52,74,48.119758141485356,-6.397153820705143,51.2390698477325,1222.0,1962.0,3129.0,1024.0,1643.0,1661.0,676.0,1191.0,1190.0,372.0,487.0,452.0,103.0,103.0,102.0,17.0,16.0,16.0,0.0,0.0,0.0
07_posadd6h_086,2022-02-01 08:50:00,w1_stable_direction_event,1343.7165996730064,1144.211612161189,1841.429193528136,1042,96,122,14.847251835719456,-37.03999742030783,37.8628504325542,1290.0,4285.0,7173.0,913.0,1829.0,2644.0,597.0,945.0,945.0,340.0,338.0,328.0,78.0,78.0,75.0,10.0,10.0,10.0,0.0,0.0,0.0
08_posadd6h_007,2022-02-13 09:10:00,p2_neutral_headroom,386.7364019505401,367.9213735891116,391.8433593168608,326,52,28,4.865078194484191,-1.3205266792997312,6.104986893092879,690.0,932.0,918.0,476.0,600.0,596.0,118.0,103.0,102.0,34.0,30.0,30.0,11.0,11.0,11.0,0.0,0.0,0.0,0.0,0.0,0.0
09_sel6h_43,2022-02-15 08:20:00,w1_stable_direction_event,671.9705238543446,635.6222830921292,758.0047124364302,1444,86,68,5.40920166463941,-12.803268227987662,16.145338852964517,24.0,566.0,1165.0,0.0,18.0,18.0,0.0,0.0,0.0,0.0,0.0,0.0,0.0,0.0,0.0,0.0,0.0,0.0,0.0,0.0,0.0
10_posadd6h_088,2022-02-18 21:30:00,w1_stable_direction_event,3365.6873594713575,3721.057825308146,3724.6941059072183,270,184,184,-10.558629720515876,-10.6666694821069,0.09762628811061434,21001.0,19929.0,19929.0,20595.0,18462.0,18462.0,19806.0,14194.0,14194.0,19202.0,12020.0,12020.0,14321.0,10594.0,10594.0,5550.0,3968.0,3968.0,2997.0,2997.0,2997.0
01_posadd6h_089,2022-03-10 19:30:00,w1_stable_direction_event,766.0697005171427,493.0871255946128,730.3386820986987,476,44,58,35.634169415426605,4.664199405657665,32.4851418005576,1067.0,2186.0,2922.0,850.0,1549.0,1547.0,451.0,622.0,618.0,126.0,123.0,121.0,48.0,47.0,45.0,5.0,5.0,5.0,0.0,0.0,0.0
02_posadd6h_009,2022-03-12 22:20:00,p2_neutral_headroom,283.47101398793274,177.19734349848102,246.23779135593875,190,18,18,37.49013664373309,13.134754805505082,28.038120175330523,367.0,1191.0,1191.0,120.0,763.0,763.0,25.0,26.0,26.0,3.0,3.0,3.0,0.0,0.0,0.0,0.0,0.0,0.0,0.0,0.0,0.0
03_posadd6h_049,2022-03-16 21:00:00,c3_gusty_oscillatory,868.5706809788145,886.0727525174528,997.3344355032364,1007,94,70,-2.015042865471215,-14.824787129507378,11.155905083097121,859.0,1720.0,1578.0,608.0,798.0,761.0,236.0,217.0,211.0,60.0,60.0,57.0,24.0,24.0,23.0,0.0,0.0,0.0,0.0,0.0,0.0
04_posadd6h_090,2022-04-09 07:40:00,w1_stable_direction_event,729.8915624544479,404.08993404622646,660.7645415378568,832,52,52,44.636990639079286,9.470861765292065,38.84509403217194,952.0,1688.0,2908.0,504.0,762.0,1002.0,91.0,85.0,82.0,29.0,28.0,27.0,9.0,9.0,9.0,0.0,0.0,0.0,0.0,0.0,0.0
05_sel6h_05,2022-04-23 01:10:00,p2_neutral_headroom,284.83130722485413,280.9273977048476,280.9273977048476,210,16,16,1.3706040807251185,1.3706040807251185,0.0,584.0,1288.0,1288.0,253.0,1021.0,1021.0,52.0,98.0,98.0,17.0,19.0,19.0,0.0,0.0,0.0,0.0,0.0,0.0,0.0,0.0,0.0
06_posadd6h_051,2022-05-27 23:00:00,c3_gusty_oscillatory,978.580204866752,1070.9264192754713,1099.2644274437466,784,104,80,-9.436754795310174,-12.33258367344837,2.577906412761228,1235.0,2819.0,3028.0,837.0,1848.0,1693.0,402.0,455.0,412.0,103.0,99.0,96.0,37.0,36.0,34.0,0.0,0.0,0.0,0.0,0.0,0.0
07_posadd6h_052,2022-10-01 23:20:00,c3_gusty_oscillatory,342.7347776066511,235.45579262271195,456.5133331932991,320,20,24,31.30087519366383,-33.19726010332953,48.42301954781809,597.0,670.0,1239.0,385.0,584.0,588.0,94.0,95.0,92.0,29.0,28.0,28.0,9.0,9.0,9.0,0.0,0.0,0.0,0.0,0.0,0.0
08_posadd6h_093,2022-11-06 18:10:00,w1_stable_direction_event,1796.461235156933,1638.578275387331,1745.6313617471014,956,156,142,8.788553667611426,2.829444488702886,6.1326284979565955,2749.0,4318.0,4656.0,1948.0,2704.0,2919.0,1483.0,2408.0,2408.0,980.0,2143.0,2141.0,657.0,1784.0,1784.0,101.0,100.0,100.0,25.0,25.0,25.0
09_posadd6h_098,2023-02-03 00:40:00,w1_stable_direction_event,1250.6427008023377,1121.2076830575277,1041.8074273909058,822,88,76,10.349480124241099,16.698236297021978,-7.621394662684567,1977.0,4985.0,4679.0,1350.0,3483.0,3200.0,811.0,1833.0,1650.0,225.0,318.0,302.0,62.0,68.0,66.0,8.0,8.0,7.0,0.0,0.0,0.0
10_posadd6h_059,2023-02-24 14:20:00,c3_gusty_oscillatory,1015.4098989089808,1054.7430950849198,1198.2203225758794,576,158,110,-3.8736274107826767,-18.00360857849834,11.97419412671276,1680.0,3647.0,3791.0,970.0,2318.0,2689.0,445.0,422.0,438.0,88.0,73.0,77.0,29.0,29.0,28.0,0.0,0.0,0.0,0.0,0.0,0.0
01_posadd6h_020,2023-04-21 00:30:00,p2_neutral_headroom,410.89135631861257,364.2845985817066,485.23657264046176,274,24,24,11.342842096869585,-18.093643290028368,24.926392790342103,747.0,985.0,1000.0,553.0,675.0,671.0,224.0,203.0,194.0,60.0,56.0,56.0,23.0,23.0,22.0,0.0,0.0,0.0,0.0,0.0,0.0
02_posadd6h_021,2023-04-21 13:30:00,p2_neutral_headroom,901.485222825943,869.9463632151183,869.9422876860513,484,74,74,3.498544270305158,3.498996360806899,-0.0004684826941607105,1338.0,3409.0,3410.0,1127.0,2152.0,2152.0,811.0,1513.0,1513.0,446.0,657.0,657.0,125.0,123.0,123.0,20.0,20.0,20.0,0.0,0.0,0.0
03_posadd6h_062,2023-07-03 12:40:00,c3_gusty_oscillatory,785.7576870991778,595.9849132971057,958.519592369613,1048,62,66,24.15156439673738,-21.98666435046015,37.8223545933228,546.0,2001.0,3850.0,110.0,884.0,1426.0,21.0,23.0,31.0,0.0,0.0,0.0,0.0,0.0,0.0,0.0,0.0,0.0,0.0,0.0,0.0
04_sel6h_20,2023-07-04 14:30:00,p2_neutral_headroom,498.2239492586175,383.679160706548,512.1251222990825,642,34,38,22.990622735522443,-2.7901454880181156,25.080972598239715,559.0,1897.0,2616.0,257.0,1214.0,1214.0,43.0,76.0,76.0,11.0,16.0,16.0,0.0,0.0,0.0,0.0,0.0,0.0,0.0,0.0,0.0
05_posadd6h_023,2023-08-09 04:20:00,p2_neutral_headroom,438.9844936167783,256.05620226351647,379.8951484002009,458,16,16,41.67078655697423,13.46046297210689,32.59819101617644,600.0,653.0,990.0,436.0,421.0,388.0,112.0,105.0,101.0,30.0,29.0,29.0,10.0,10.0,10.0,0.0,0.0,0.0,0.0,0.0,0.0
06_sel6h_36,2023-10-06 23:20:00,c3_gusty_oscillatory,808.5598490568577,446.1471694090213,591.7623103284587,464,38,34,44.82199803398248,26.812800435401513,24.607031975154605,1010.0,2260.0,2668.0,717.0,1078.0,1057.0,592.0,612.0,610.0,370.0,369.0,367.0,102.0,102.0,101.0,16.0,16.0,16.0,0.0,0.0,0.0
07_sel6h_27,2023-10-14 23:40:00,c3_gusty_oscillatory,1827.37934987909,878.4082623834095,1402.9480789728725,896,112,106,51.9307109144289,23.22622672376703,37.38839836278827,2632.0,4796.0,4964.0,1398.0,3244.0,2486.0,610.0,731.0,686.0,190.0,189.0,182.0,61.0,60.0,59.0,7.0,7.0,7.0,0.0,0.0,0.0
08_posadd6h_066,2023-11-04 18:30:00,c3_gusty_oscillatory,1055.4945966767798,820.0256222623059,1018.3267624545176,1006,78,90,22.308875398874328,3.5213666028499757,19.47323270913924,1035.0,3999.0,4996.0,757.0,2167.0,2163.0,454.0,728.0,730.0,118.0,116.0,114.0,40.0,39.0,39.0,3.0,3.0,3.0,0.0,0.0,0.0
09_posadd6h_106,2023-11-23 12:20:00,w1_stable_direction_event,2777.805156475706,1834.2024969202669,1834.58139464196,1072,142,142,33.96936093072198,33.9557207471832,0.020653088644624507,5339.0,12719.0,12719.0,4093.0,9570.0,9586.0,3176.0,5435.0,5435.0,2543.0,2852.0,2852.0,1977.0,2213.0,2213.0,713.0,706.0,706.0,258.0,250.0,250.0
10_sel6h_32,2023-11-25 05:00:00,c3_gusty_oscillatory,1669.313692902692,1756.415200653238,1426.526305918165,1150,234,136,-5.217803467429123,14.544143980653232,-23.125328524716146,2425.0,9358.0,7724.0,1557.0,5222.0,4784.0,355.0,1390.0,1372.0,91.0,177.0,176.0,28.0,49.0,47.0,0.0,0.0,0.0,0.0,0.0,0.0
01_posadd6h_025,2023-11-27 20:30:00,p2_neutral_headroom,1089.270145782261,734.466250728641,990.1329409249925,716,80,74,32.57262639827671,9.10125052459534,25.821450800081962,1234.0,2759.0,2730.0,1076.0,1828.0,1810.0,783.0,1248.0,1248.0,538.0,616.0,614.0,199.0,192.0,191.0,25.0,25.0,25.0,1.0,1.0,0.0
02_sel6h_11,2023-12-13 20:30:00,p2_neutral_headroom,461.7353653550328,314.77998980987365,462.47181964430985,560,30,34,31.826753281539034,-0.15949705059104188,31.935314447489354,612.0,1738.0,2008.0,314.0,1223.0,1223.0,59.0,130.0,130.0,19.0,21.0,21.0,2.0,2.0,2.0,0.0,0.0,0.0,0.0,0.0,0.0
03_posadd6h_107,2023-12-20 01:40:00,w1_stable_direction_event,1666.4008607182602,936.2898541839456,1002.5633206313504,586,140,76,43.813647949006615,39.83660568926851,6.610402064746389,2293.0,3985.0,3860.0,1911.0,3396.0,3117.0,1747.0,2690.0,2690.0,1327.0,1796.0,1796.0,453.0,827.0,825.0,50.0,52.0,52.0,3.0,3.0,3.0
04_sel6h_23,2023-12-20 18:50:00,c3_gusty_oscillatory,967.9045242825964,893.3179302021824,1551.938039501949,834,72,84,7.705986717615254,-60.33999227891139,42.43855698718051,1782.0,4437.0,5762.0,960.0,2246.0,2574.0,149.0,925.0,925.0,31.0,92.0,92.0,2.0,9.0,9.0,0.0,0.0,0.0,0.0,0.0,0.0
05_sel6h_34,2023-12-23 19:50:00,c3_gusty_oscillatory,855.3277845041553,1018.17162975526,1018.3086042796162,866,74,74,-19.038764810558266,-19.05477908331285,0.013451180102039832,873.0,3746.0,3752.0,189.0,950.0,948.0,10.0,32.0,32.0,0.0,0.0,0.0,0.0,0.0,0.0,0.0,0.0,0.0,0.0,0.0,0.0
06_posadd6h_108,2023-12-24 21:10:00,w1_stable_direction_event,2022.023771616203,1415.8406862874945,1415.840497393407,911,84,84,29.97902862656192,29.97903796839509,-1.3341480748334903e-05,2792.0,6165.0,6165.0,2471.0,3073.0,3073.0,1921.0,2186.0,2186.0,1489.0,1801.0,1801.0,1138.0,1294.0,1294.0,400.0,379.0,379.0,49.0,48.0,48.0
07_posadd6h_069,2024-01-01 19:10:00,c3_gusty_oscillatory,575.9470308980336,592.7176434416982,607.2438565328063,802,50,38,-2.911832450549376,-5.433976382511027,2.392154804833875,685.0,1898.0,2144.0,372.0,341.0,324.0,73.0,71.0,70.0,25.0,25.0,24.0,7.0,7.0,7.0,0.0,0.0,0.0,0.0,0.0,0.0
08_posadd6h_070,2024-01-19 10:40:00,c3_gusty_oscillatory,866.6786993491423,913.396258590972,1302.2354953382892,446,68,72,-5.39041276506664,-50.25585563787837,29.859364004381266,1436.0,2789.0,2479.0,1152.0,1910.0,1340.0,778.0,1260.0,1191.0,236.0,286.0,256.0,65.0,64.0,63.0,9.0,9.0,8.0,0.0,0.0,0.0
09_sel6h_49,2024-01-28 14:40:00,w1_stable_direction_event,459.1967903900025,396.2368015783306,403.8172532755312,1092,56,30,13.710894790488206,12.060088021834094,1.8771985683405987,32.0,190.0,123.0,0.0,14.0,11.0,0.0,0.0,0.0,0.0,0.0,0.0,0.0,0.0,0.0,0.0,0.0,0.0,0.0,0.0,0.0
10_posadd6h_071,2024-02-02 10:20:00,c3_gusty_oscillatory,839.557020620367,597.2031105679932,767.1009479902482,294,54,52,28.86687909217806,8.630274162507678,22.148041645284838,1368.0,2107.0,2984.0,1033.0,1554.0,1768.0,672.0,1019.0,1025.0,245.0,252.0,245.0,67.0,65.0,65.0,9.0,9.0,9.0,0.0,0.0,0.0
01_posadd6h_031,2024-02-15 23:30:00,p2_neutral_headroom,361.84469942270454,268.9375049963526,321.6020911090293,256,22,28,25.67598601681281,11.121513836703768,16.375697661375717,704.0,897.0,897.0,451.0,698.0,697.0,95.0,129.0,127.0,29.0,29.0,29.0,10.0,10.0,9.0,0.0,0.0,0.0,0.0,0.0,0.0
02_posadd6h_113,2024-03-23 15:00:00,w1_stable_direction_event,718.545842895586,1039.3757992762291,1129.945725829684,724,72,64,-44.64989388676539,-57.25450741963026,8.015422730764547,1158.0,3531.0,4173.0,480.0,954.0,1564.0,87.0,104.0,78.0,26.0,25.0,25.0,9.0,8.0,8.0,0.0,0.0,0.0,0.0,0.0,0.0
03_posadd6h_035,2024-05-01 20:20:00,p2_neutral_headroom,993.0223509917322,1089.1150254143254,808.8149215551732,680,76,60,-9.67678867717583,18.55017958584627,-34.65565438879351,1326.0,4725.0,3902.0,1148.0,2360.0,2314.0,857.0,1362.0,1361.0,579.0,694.0,693.0,235.0,225.0,223.0,25.0,25.0,25.0,3.0,3.0,3.0
04_sel6h_50,2024-07-03 21:00:00,w1_stable_direction_event,627.9891690617484,407.18709018566784,473.98073091417086,1288,86,54,35.16017309756655,24.524059607218213,14.092058257237069,110.0,649.0,931.0,7.0,59.0,67.0,0.0,0.0,0.0,0.0,0.0,0.0,0.0,0.0,0.0,0.0,0.0,0.0,0.0,0.0,0.0
05_sel6h_01,2024-08-26 09:00:00,p2_neutral_headroom,404.52207135692623,263.32820984258336,263.32820984258336,546,28,28,34.903870891574115,34.903870891574115,0.0,483.0,1364.0,1364.0,136.0,940.0,940.0,29.0,40.0,40.0,7.0,7.0,7.0,0.0,0.0,0.0,0.0,0.0,0.0,0.0,0.0,0.0
06_posadd6h_038,2024-09-05 21:00:00,p2_neutral_headroom,978.5759739705188,889.5562163421115,920.3434109562144,496,56,56,9.096867284326887,5.950745221960538,3.3451855304875524,1329.0,2663.0,2856.0,1201.0,1825.0,1824.0,944.0,1306.0,1300.0,626.0,933.0,931.0,334.0,328.0,323.0,29.0,28.0,28.0,6.0,6.0,6.0
07_posadd6h_076,2024-10-13 20:50:00,c3_gusty_oscillatory,353.4892261721429,211.25601202417877,438.9325575986411,380,18,30,40.236930468341654,-24.171410357182673,51.87050758322859,600.0,846.0,1471.0,327.0,294.0,479.0,67.0,65.0,63.0,23.0,22.0,22.0,5.0,5.0,5.0,0.0,0.0,0.0,0.0,0.0,0.0
08_sel6h_30,2024-11-17 22:50:00,c3_gusty_oscillatory,1500.909450272648,848.2067289865174,1188.5659183843586,934,134,92,43.48714848637696,20.810284846400997,28.636122248945032,1396.0,3018.0,3623.0,824.0,1555.0,1547.0,634.0,642.0,662.0,587.0,583.0,587.0,357.0,438.0,348.0,32.0,29.0,29.0,7.0,7.0,7.0
09_posadd6h_117,2024-11-24 07:00:00,w1_stable_direction_event,1853.3395760014985,1341.7392591472042,1342.0672378461802,1074,116,116,27.604240662580047,27.58654402979764,0.024438320951966384,2457.0,3716.0,3718.0,1727.0,3353.0,3353.0,1411.0,2797.0,2796.0,981.0,1919.0,1919.0,679.0,1493.0,1493.0,71.0,70.0,70.0,22.0,22.0,22.0
10_posadd6h_118,2024-12-15 09:10:00,w1_stable_direction_event,586.5688665673491,532.9451717783994,955.1037270687036,494,44,54,9.14192652309696,-62.828916007433506,44.20028352165953,825.0,1147.0,1926.0,541.0,658.0,646.0,124.0,118.0,116.0,37.0,35.0,35.0,14.0,13.0,11.0,0.0,0.0,0.0,0.0,0.0,0.0
