model_index,rank,feature,gain,gain_share
0,1,t_minus_000m__wind_speed_std_60m,3090008.078125,0.6162673410494969
0,2,t_minus_050m__wind_speed_std_120m,692130.9697265625,0.13803773374929793
0,3,t_minus_010m__wind_speed_ms,322661.96826171875,0.06435129883514908
0,4,t_minus_110m__wind_speed_std_120m,231115.1220703125,0.04609331048772738
0,5,t_minus_040m__wind_speed_std_120m,150571.3984375,0.030029771122633542
0,6,t_minus_000m__wind_speed_delta_10m,95945.701171875,0.019135290475421562
0,7,t_minus_030m__wind_speed_std_60m,67037.3984375,0.013369854784011535
0,8,t_minus_020m__wind_speed_std_120m,51889.3701171875,0.01034875098781498
0,9,t_minus_010m__wind_speed_delta_10m,42518.2001953125,0.00847977659543046
0,10,t_minus_030m__wind_speed_std_120m,41528.3603515625,0.008282364176708627
0,11,t_minus_020m__wind_speed_ms,18850.099609375,0.0037594402574625766
0,12,t_minus_000m__wind_dir_sin_mean_120m,18779.400390625,0.0037453400938216525
0,13,t_minus_000m__wind_dir_delta_10m_deg,17507.43994140625,0.003491661894884448
0,14,t_minus_000m__wind_speed_std_30m,16735.81005859375,0.0033377689974769618
0,15,t_minus_080m__wind_speed_std_120m,16212.099609375,0.0032333208414010344
0,16,t_minus_060m__wind_u_mean_120m,14361.599609375,0.0028642594390424735
0,17,t_minus_000m__wind_speed_mean_60m,14184.900390625,0.0028290187681602593
0,18,t_minus_050m__dayofyear_sin,10370.400390625,0.0020682596655951526
0,19,t_minus_010m__wind_u_ms,10315.2998046875,0.0020572704737459916
0,20,t_minus_070m__hour_sin,9441.6796875,0.0018830367717314717
0,21,t_minus_050m__wind_speed_std_60m,8786.7900390625,0.0017524264004575196
0,22,t_minus_090m__wind_speed_std_120m,8754.3701171875,0.001745960611842798
0,23,t_minus_020m__wind_speed_mean_60m,8641.990234375,0.0017235477087638074
0,24,t_minus_000m__wind_u_mean_120m,7854.490234375,0.001566489695060826
0,25,t_minus_110m__wind_dir_cos_mean_120m,7531.85986328125,0.0015021446979252833
0,26,t_minus_050m__wind_u_mean_60m,7531.1201171875,0.0015019971638908338
0,27,t_minus_010m__hour_sin,7056.669921875,0.0014073734111584239
0,28,t_minus_000m__wind_u_delta_10m,6781.16015625,0.0013524260885618064
0,29,t_minus_050m__wind_v_ms,6773.47021484375,0.001350892416278939
0,30,t_minus_040m__hour_sin,6317.580078125,0.0012599702583870947
0,31,t_minus_070m__wind_speed_std_60m,5876.0,0.0011719020806586888
0,32,t_minus_080m__wind_dir_sin_mean_120m,0.0,0.0
0,33,t_minus_080m__dayofyear_sin,0.0,0.0
0,34,t_minus_080m__wind_v_mean_120m,0.0,0.0
0,35,t_minus_080m__hour_cos,0.0,0.0
0,36,t_minus_080m__wind_u_mean_120m,0.0,0.0
0,37,t_minus_080m__hour_sin,0.0,0.0
0,38,t_minus_080m__dayofyear_cos,0.0,0.0
0,39,t_minus_070m__wind_speed_ms,0.0,0.0
0,40,t_minus_080m__wind_speed_mean_120m,0.0,0.0
0,41,t_minus_080m__wind_dir_cos_mean_60m,0.0,0.0
0,42,t_minus_080m__wind_dir_cos_mean_120m,0.0,0.0
0,43,t_minus_000m__dayofyear_cos,0.0,0.0
0,44,t_minus_080m__wind_dir_sin_mean_60m,0.0,0.0
0,45,t_minus_080m__wind_v_mean_60m,0.0,0.0
0,46,t_minus_080m__wind_speed_ms,0.0,0.0
0,47,t_minus_080m__wind_dir_sin,0.0,0.0
0,48,t_minus_080m__wind_dir_cos,0.0,0.0
0,49,t_minus_080m__wind_u_ms,0.0,0.0
0,50,t_minus_080m__wind_v_ms,0.0,0.0
1,1,t_minus_000m__wind_speed_ms,3344546.51953125,0.7720986860671306
1,2,t_minus_000m__wind_speed_std_120m,550645.70703125,0.12711822795842617
1,3,t_minus_000m__wind_dir_delta_10m_deg,105343.70849609375,0.024318913921601633
1,4,t_minus_000m__wind_speed_std_30m,63633.91064453125,0.014690080855817113
1,5,t_minus_010m__dayofyear_cos,25125.30078125,0.005800251725296212
1,6,t_minus_100m__wind_speed_std_120m,23324.63037109375,0.005384561511510082
1,7,t_minus_000m__wind_speed_std_60m,22288.8203125,0.0051454416246778795
1,8,t_minus_040m__wind_dir_cos_mean_30m,20408.599609375,0.004711386985006581
1,9,t_minus_000m__wind_dir_cos_mean_30m,18914.0,0.004366354141882421
1,10,t_minus_040m__wind_dir_sin_mean_120m,17914.900390625,0.004135708973353943
1,11,t_minus_010m__wind_v_ms,16541.900390625,0.003818747768066612
1,12,t_minus_090m__wind_speed_std_120m,13180.5,0.0030427583148504413
1,13,t_minus_000m__hour_sin,9709.7900390625,0.0022415344165099514
1,14,t_minus_000m__wind_u_ms,8733.830078125,0.0020162311058537783
1,15,t_minus_000m__wind_speed_mean_30m,8000.18994140625,0.0018468680599823019
1,16,t_minus_060m__wind_speed_mean_120m,7451.3701171875,0.0017201713425970466
1,17,t_minus_040m__wind_u_mean_30m,7123.56982421875,0.001644497652900823
1,18,t_minus_110m__wind_speed_std_120m,6012.5,0.001388003821405734
1,19,t_minus_000m__wind_v_mean_120m,5621.10009765625,0.001297647969405575
1,20,t_minus_070m__wind_speed_std_120m,5577.60009765625,0.0012876058627559037
1,21,t_minus_110m__wind_dir_cos_mean_30m,5415.10986328125,0.0012500945003852402
1,22,t_minus_110m__wind_v_mean_120m,5231.27978515625,0.0012076567705013627
1,23,t_minus_080m__wind_dir_cos_mean_120m,4892.02978515625,0.0011293398812852469
1,24,t_minus_040m__hour_sin,4833.18017578125,0.0011157542708568502
1,25,t_minus_020m__wind_speed_std_120m,4828.18994140625,0.0011146022601487904
1,26,t_minus_010m__wind_v_delta_10m,4750.14013671875,0.001096584226524471
1,27,t_minus_030m__wind_u_ms,4738.85009765625,0.0010939778868383886
1,28,t_minus_000m__wind_v_mean_30m,4643.72021484375,0.001072016865487265
1,29,t_minus_010m__wind_u_ms,4493.490234375,0.0010373358198356502
1,30,t_minus_010m__wind_dir_delta_10m_deg,3946.8701171875,0.0009111469114758166
1,31,t_minus_010m__wind_speed_mean_30m,3889.10009765625,0.0008978105276301519
1,32,t_minus_080m__hour_sin,0.0,0.0
1,33,t_minus_080m__hour_cos,0.0,0.0
1,34,t_minus_080m__dayofyear_sin,0.0,0.0
1,35,t_minus_080m__dayofyear_cos,0.0,0.0
1,36,t_minus_070m__wind_speed_ms,0.0,0.0
1,37,t_minus_080m__wind_dir_sin_mean_120m,0.0,0.0
1,38,t_minus_070m__wind_dir_sin,0.0,0.0
1,39,t_minus_070m__wind_dir_cos,0.0,0.0
1,40,t_minus_080m__wind_v_mean_120m,0.0,0.0
1,41,t_minus_080m__wind_u_mean_120m,0.0,0.0
1,42,t_minus_080m__wind_speed_std_120m,0.0,0.0
1,43,t_minus_080m__wind_dir_cos_mean_30m,0.0,0.0
1,44,t_minus_080m__wind_speed_mean_120m,0.0,0.0
1,45,t_minus_080m__wind_dir_cos_mean_60m,0.0,0.0
1,46,t_minus_080m__wind_dir_sin,0.0,0.0
1,47,t_minus_080m__wind_dir_cos,0.0,0.0
1,48,t_minus_080m__wind_u_ms,0.0,0.0
1,49,t_minus_080m__wind_v_ms,0.0,0.0
1,50,t_minus_080m__wind_speed_delta_10m,0.0,0.0
2,1,t_minus_000m__wind_speed_std_120m,928018.8347167969,0.5869514086952432
2,2,t_minus_000m__wind_speed_std_60m,268809.46252441406,0.1700160457922873
2,3,t_minus_000m__wind_speed_ms,51392.73278808594,0.03250476798336826
2,4,t_minus_110m__wind_speed_std_120m,39752.85974121094,0.02514280546028864
2,5,t_minus_100m__wind_speed_std_120m,38850.580810546875,0.024572133972192257
2,6,t_minus_080m__wind_speed_std_120m,36757.95947265625,0.02324859721173905
2,7,t_minus_090m__wind_speed_std_120m,35108.151611328125,0.022205130191397224
2,8,t_minus_000m__wind_dir_delta_10m_deg,25710.359741210938,0.016261234474589582
2,9,t_minus_000m__wind_speed_std_30m,21966.77392578125,0.01389349915959618
2,10,t_minus_060m__wind_speed_std_120m,19974.5,0.012633429920159932
2,11,t_minus_030m__wind_speed_std_120m,15473.26025390625,0.00978649523412955
2,12,t_minus_000m__wind_u_delta_10m,11342.60986328125,0.007173950127386343
2,13,t_minus_030m__wind_speed_mean_120m,11083.61962890625,0.007010144526446026
2,14,t_minus_010m__wind_dir_delta_10m_deg,10444.750732421875,0.006606074065012435
2,15,t_minus_020m__wind_speed_std_120m,7847.736083984375,0.004963519680038396
2,16,t_minus_000m__wind_u_ms,6497.8199462890625,0.0041097275488878445
2,17,t_minus_000m__wind_v_delta_10m,6248.123840332031,0.0039518002788212605
2,18,t_minus_090m__wind_speed_mean_120m,3795.050048828125,0.002400285305533037
2,19,t_minus_010m__wind_u_delta_10m,3509.9740600585938,0.0022199810412941237
2,20,t_minus_020m__wind_u_ms,3287.56005859375,0.0020793090995299517
2,21,t_minus_040m__wind_speed_std_60m,3029.614990234375,0.0019161645430019272
2,22,t_minus_000m__wind_dir_sin,2401.090087890625,0.0015186364293152202
2,23,t_minus_040m__wind_speed_std_120m,2392.9600219726562,0.001513494342253169
2,24,t_minus_110m__dayofyear_cos,2367.25,0.0014972333214097273
2,25,t_minus_000m__wind_speed_mean_30m,1720.27001953125,0.0010880327785676841
2,26,t_minus_020m__wind_v_ms,1609.75,0.0010181313081167214
2,27,t_minus_000m__wind_v_mean_60m,1524.5899658203125,0.0009642694680802996
2,28,t_minus_010m__wind_dir_cos_mean_30m,1503.3299560546875,0.0009508229816362865
2,29,t_minus_070m__wind_speed_std_60m,1455.030029296875,0.0009202743451325602
2,30,t_minus_010m__wind_speed_mean_120m,1437.8599853515625,0.0009094146717034795
2,31,t_minus_000m__wind_dir_cos_mean_60m,1403.199951171875,0.0008874929658865914
2,32,t_minus_010m__wind_speed_ms,1394.199951171875,0.0008818006647385557
2,33,t_minus_060m__wind_speed_std_60m,1273.22998046875,0.0008052898310595285
2,34,t_minus_030m__wind_speed_mean_60m,1169.77001953125,0.0007398536916794994
2,35,t_minus_040m__hour_sin,1152.22998046875,0.000728760004513715
2,36,t_minus_090m__wind_speed_mean_60m,1151.02001953125,0.0007279947309544251
2,37,t_minus_000m__wind_u_mean_30m,1135.5799560546875,0.0007182292319484939
2,38,t_minus_060m__hour_sin,1120.47998046875,0.0007086788310192557
2,39,t_minus_020m__wind_dir_cos_mean_60m,1100.989990234375,0.0006963518428207737
2,40,t_minus_070m__wind_dir_sin_mean_30m,1071.81005859375,0.0006778961807788256
2,41,t_minus_010m__wind_speed_std_120m,1040.719970703125,0.0006582323871130105
2,42,t_minus_110m__wind_speed_mean_30m,1027.550048828125,0.0006499027025120546
2,43,t_minus_100m__wind_v_mean_120m,938.572021484375,0.0005936260661566344
2,44,t_minus_070m__wind_speed_mean_60m,789.0819702148438,0.0004990769116609155
2,45,t_minus_080m__wind_v_mean_30m,0.0,0.0
2,46,t_minus_080m__wind_dir_sin_mean_60m,0.0,0.0
2,47,t_minus_080m__wind_v_ms,0.0,0.0
2,48,t_minus_080m__hour_cos,0.0,0.0
2,49,t_minus_080m__hour_sin,0.0,0.0
2,50,t_minus_080m__wind_dir_cos_mean_120m,0.0,0.0
3,1,t_minus_000m__wind_speed_mean_30m,12874600.20400238,0.7213017467483472
3,2,t_minus_000m__wind_speed_ms,1522461.154291153,0.0852961546413943
3,3,t_minus_000m__wind_speed_mean_60m,743386.161195755,0.0416483407704073
3,4,t_minus_000m__wind_speed_std_60m,366243.41035079956,0.02051885164861113
3,5,t_minus_000m__wind_speed_std_120m,189553.30689239502,0.010619757444654921
3,6,t_minus_000m__wind_speed_mean_120m,87023.49434280396,0.004875506616360465
3,7,t_minus_110m__dayofyear_cos,62203.12103462219,0.0034849408249215995
3,8,t_minus_040m__wind_speed_ms,49771.174642562866,0.0027884388360453513
3,9,t_minus_110m__dayofyear_sin,48422.97860145569,0.0027129059151001634
3,10,t_minus_110m__wind_speed_std_120m,34057.83786010742,0.001908096371903692
3,11,t_minus_080m__wind_speed_std_120m,29833.86968421936,0.0016714478099910408
3,12,t_minus_010m__wind_speed_std_120m,27603.087663650513,0.0015464678539104707
3,13,t_minus_010m__wind_speed_ms,24433.02393913269,0.0013688644747323398
3,14,t_minus_110m__wind_u_mean_120m,24237.254943847656,0.0013578964822494068
3,15,t_minus_010m__wind_speed_mean_120m,24020.033323287964,0.0013457266026524852
3,16,t_minus_000m__wind_speed_std_30m,23714.882749557495,0.0013286304879486963
3,17,t_minus_100m__wind_speed_std_120m,23055.738216400146,0.0012917017992443887
3,18,t_minus_070m__wind_speed_std_120m,22571.906059265137,0.001264595017321482
3,19,t_minus_030m__wind_speed_std_120m,21152.31935119629,0.001185062421670669
3,20,t_minus_110m__wind_speed_mean_120m,21000.800331115723,0.0011765735418516486
3,21,t_minus_110m__wind_dir_cos_mean_120m,20861.148014068604,0.0011687494961626628
3,22,t_minus_110m__wind_dir_sin_mean_120m,20432.19422531128,0.001144717284505419
3,23,t_minus_030m__wind_speed_std_60m,20196.132986068726,0.0011314919119495938
3,24,t_minus_040m__wind_speed_std_60m,20023.569589614868,0.001121824017233275
3,25,t_minus_020m__wind_speed_std_120m,19253.816122055054,0.0010786984434741854
3,26,t_minus_040m__wind_speed_std_120m,19154.310243606567,0.0010731236090871488
3,27,t_minus_110m__hour_cos,18479.37233543396,0.0010353100937625927
3,28,t_minus_000m__wind_speed_delta_10m,17868.391048431396,0.001001079759417259
3,29,t_minus_000m__wind_u_ms,17581.833835601807,0.0009850253410367128
3,30,t_minus_020m__wind_speed_ms,16653.692455291748,0.0009330260565355175
3,31,t_minus_000m__hour_cos,16611.0620803833,0.0009306376822637913
3,32,t_minus_110m__wind_v_mean_120m,16509.216245651245,0.0009249317514133375
3,33,t_minus_010m__wind_speed_std_60m,16508.40153503418,0.0009248861071073496
3,34,t_minus_090m__wind_speed_std_120m,16067.168657302856,0.0009001659573250314
3,35,t_minus_030m__wind_speed_ms,15654.403528213501,0.000877040718180409
3,36,t_minus_050m__wind_speed_std_120m,15487.275941848755,0.0008676773656828882
3,37,t_minus_060m__wind_speed_std_120m,15392.011976242065,0.0008623401852108361
3,38,t_minus_010m__wind_speed_mean_30m,15303.305215835571,0.0008573703733164288
3,39,t_minus_000m__wind_v_ms,15200.161695480347,0.0008515917394001019
3,40,t_minus_000m__hour_sin,14691.050086975098,0.0008230686717563752
3,41,t_minus_110m__hour_sin,13648.682901382446,0.0007646698663715366
3,42,t_minus_000m__dayofyear_cos,13611.733707427979,0.0007625997812645819
3,43,t_minus_020m__wind_speed_std_60m,13588.032758712769,0.0007612719314333647
3,44,t_minus_010m__wind_speed_mean_60m,13208.458488464355,0.0007400062160082134
3,45,t_minus_030m__wind_speed_mean_120m,13006.757894515991,0.0007287059046641838
3,46,t_minus_050m__wind_speed_std_60m,12809.965404510498,0.0007176805707090532
3,47,t_minus_100m__dayofyear_sin,12687.76337814331,0.0007108341806326111
3,48,t_minus_100m__wind_v_mean_120m,11108.970695495605,0.0006223820421814863
3,49,t_minus_040m__wind_speed_mean_60m,10966.444343566895,0.0006143969781814493
3,50,t_minus_080m__wind_speed_std_60m,10566.962017059326,0.0005920159103937734
4,1,t_minus_000m__wind_speed_ms,1212121.9987182617,0.36714047426399826
4,2,t_minus_000m__wind_speed_std_120m,740634.9467773438,0.2243314335552521
4,3,t_minus_000m__wind_speed_mean_30m,638533.6554260254,0.1934059024871516
4,4,t_minus_010m__wind_speed_std_120m,156604.16116333008,0.04743394316910222
4,5,t_minus_000m__wind_speed_std_30m,124787.83358764648,0.03779707360661004
4,6,t_minus_000m__wind_speed_std_60m,95770.43017578125,0.029007972128534988
4,7,t_minus_000m__wind_dir_delta_10m_deg,59543.07907104492,0.01803504458494969
4,8,t_minus_110m__wind_speed_std_120m,56494.548431396484,0.017111673021664494
4,9,t_minus_010m__wind_speed_std_60m,33633.06463623047,0.010187142312865051
4,10,t_minus_090m__wind_speed_std_120m,28589.791625976562,0.008659581847181422
4,11,t_minus_070m__wind_speed_std_120m,26973.17449951172,0.0081699235626678
4,12,t_minus_100m__wind_speed_std_120m,22850.683074951172,0.006921259271150209
4,13,t_minus_010m__wind_dir_delta_10m_deg,13907.248962402344,0.004212376299714928
4,14,t_minus_000m__wind_v_delta_10m,8107.094085693359,0.0024555633596879726
4,15,t_minus_000m__wind_u_delta_10m,6156.0198974609375,0.0018646011433851948
4,16,t_minus_040m__wind_speed_std_120m,5000.890930175781,0.0015147233280055493
4,17,t_minus_020m__wind_speed_std_30m,4925.1199951171875,0.0014917730168468913
4,18,t_minus_060m__wind_speed_std_120m,4324.93017578125,0.0013099811055108795
4,19,t_minus_000m__wind_dir_cos_mean_30m,3471.6439819335938,0.0010515286574706503
4,20,t_minus_000m__wind_speed_delta_10m,3180.8839416503906,0.000963460146875615
4,21,t_minus_080m__wind_speed_std_120m,2912.6730346679688,0.0008822215589311425
4,22,t_minus_090m__wind_speed_mean_60m,2781.4429931640625,0.0008424732004933158
4,23,t_minus_040m__wind_speed_std_60m,2695.9010314941406,0.000816563336296331
4,24,t_minus_000m__wind_speed_mean_60m,2510.5169982910156,0.0007604122376914553
4,25,t_minus_030m__wind_speed_std_60m,2182.5660400390625,0.0006610789441159951
4,26,t_minus_080m__wind_speed_mean_120m,2059.0769958496094,0.0006236752617324847
4,27,t_minus_000m__wind_speed_mean_120m,1904.1500244140625,0.0005767493237251898
4,28,t_minus_050m__wind_speed_std_60m,1761.613037109375,0.000533576196618726
4,29,t_minus_020m__wind_speed_std_60m,1714.9899597167969,0.0005194545003178102
4,30,t_minus_000m__wind_v_ms,1653.8890075683594,0.0005009475904741805
4,31,t_minus_110m__dayofyear_cos,1582.3810119628906,0.0004792884840079823
4,32,t_minus_050m__wind_speed_mean_60m,1552.89794921875,0.0004703583386512566
4,33,t_minus_030m__wind_speed_std_120m,1546.9559936523438,0.00046855857560181696
4,34,t_minus_010m__wind_v_ms,1542.2439880371094,0.0004671313529475453
4,35,t_minus_010m__wind_v_mean_60m,1484.0289611816406,0.00044949856302078147
4,36,t_minus_060m__wind_speed_std_30m,1482.6220092773438,0.00044907241038106665
4,37,t_minus_100m__wind_speed_mean_60m,1118.06005859375,0.00033864998787399593
4,38,t_minus_020m__wind_speed_std_120m,1013.8460388183594,0.0003070845310257964
4,39,t_minus_020m__wind_dir_delta_10m_deg,1011.5690307617188,0.00030639484647366225
4,40,t_minus_110m__wind_speed_mean_30m,1010.8750305175781,0.0003061846402575862
4,41,t_minus_010m__wind_speed_std_30m,945.8109741210938,0.0002864773430150608
4,42,t_minus_040m__wind_speed_mean_60m,922.1419982910156,0.0002793082304828347
4,43,t_minus_000m__wind_dir_sin_mean_30m,900.9749755859375,0.0002728969362707696
4,44,t_minus_110m__wind_v_ms,845.032958984375,0.00025595261999889244
4,45,t_minus_050m__wind_speed_std_120m,813.0790100097656,0.0002462740661952728
4,46,t_minus_000m__wind_v_mean_60m,745.14501953125,0.0002256974926248715
4,47,t_minus_100m__wind_v_ms,744.3199768066406,0.00022544759486084983
4,48,t_minus_110m__wind_speed_ms,686.6259765625,0.00020797261904635314
4,49,t_minus_030m__wind_dir_cos_mean_60m,623.718994140625,0.00018891867943853614
4,50,t_minus_090m__wind_speed_ms,618.1710205078125,0.0001872382498506656
