metric,persistence,lstm,delta_lstm_minus_persistence
test_all_speed_mae_ms,0.6036985516548157,0.5862346291542053,-0.01746392250061035
test_all_vector_mae_ms,0.6673546433448792,0.6496291160583496,-0.01772552728652954
test_all_direction_mae_deg,7.743687152862549,8.05549144744873,0.31180429458618164
test_tplus60_speed_mae_ms,0.7586585879325867,0.7374843955039978,-0.021174192428588867
test_tplus60_vector_mae_ms,0.8569936752319336,0.8274965286254883,-0.029497146606445312
test_tplus60_direction_mae_deg,10.548420906066896,10.732965469360352,0.18454456329345525
test_attention_recall,0.0577641862045531,0.527741371778069,0.4699771855735159
test_attention_f1,0.1089843392252037,0.509919797382862,0.4009354581576583
test_attention_false_alarm_rate,0.000240620904325,0.057180742136304,0.056940121231979
