case_id,timestamp,label
posadd6h_105,2023-11-08 16:30:00,w1_stable_direction_raw_test | dir<=12 ramp>=2 not_reversal near>=13 | max=17.16 | ramp=2.56 | near=15.46 | dir=8.9 | selector_stratum=w1_stable_direction_event | validation_role=positive_allow | gate_decision=allow_deadband | expansion_role=add40_positive_6h | source_case_id=w1_raw_stable_test_3723
posadd6h_067,2023-11-23 00:30:00,c3_gusty_raw_test | source=regime_mining_v3_test_all_rows | max=17.63 | drop=0.5 | dir=5.4 | near_range=1.05 | far_range=1.36 | selector_stratum=c3_gusty_oscillatory | validation_role=positive_allow | gate_decision=allow_deadband | expansion_role=add40_positive_6h | source_case_id=c3_raw_gusty_test_8268
sel6h_21,2023-11-28 18:30:00,c3_gusty_24case_6h | source=gusty_test_24 | gusty_oscillation_candidate | max=17.6 | drop=11.1 | dir=39 | selector_stratum=c3_gusty_oscillatory | validation_role=positive_allow | gate_decision=allow_deadband | source_case_id=01_gusty_oscillation_candidate_cases_01
posadd6h_026,2023-12-18 03:20:00,clean_neutral_headroom | subtype=neutral_mixed_steady | split=test | early=13.84 | near_range=0.48 | far_range=0.44 | drop=0.14 | dir=1.8 | selector_stratum=p2_neutral_headroom | validation_role=positive_allow | gate_decision=allow_deadband | expansion_role=add40_positive_6h | source_case_id=clean_neutral_headroom_test_052
posadd6h_068,2023-12-24 03:00:00,c3_gusty_raw_test | source=regime_mining_v3_test_all_rows | max=15.21 | drop=0.84 | dir=7.1 | near_range=0.75 | far_range=1.27 | selector_stratum=c3_gusty_oscillatory | validation_role=positive_allow | gate_decision=allow_deadband | expansion_role=add40_positive_6h | source_case_id=c3_raw_gusty_test_8752
posadd6h_109,2023-12-31 05:40:00,w1_stable_direction_raw_test | dir<=12 ramp>=2 not_reversal near>=13 | max=16.42 | ramp=3.05 | near=14.52 | dir=7.7 | selector_stratum=w1_stable_direction_event | validation_role=positive_allow | gate_decision=allow_deadband | expansion_role=add40_positive_6h | source_case_id=w1_raw_stable_test_4318
posadd6h_029,2024-02-03 10:40:00,clean_neutral_headroom | subtype=neutral_mild_decay | split=test | early=17.65 | near_range=2.27 | far_range=1.17 | drop=3.84 | dir=7.5 | selector_stratum=p2_neutral_headroom | validation_role=positive_allow | gate_decision=allow_deadband | expansion_role=add40_positive_6h | source_case_id=clean_neutral_headroom_test_031
posadd6h_030,2024-02-13 10:50:00,clean_neutral_headroom | subtype=neutral_mild_decay | split=test | early=12.24 | near_range=0.77 | far_range=0.68 | drop=1.70 | dir=3.5 | selector_stratum=p2_neutral_headroom | validation_role=positive_allow | gate_decision=allow_deadband | expansion_role=add40_positive_6h | source_case_id=clean_neutral_headroom_test_064
posadd6h_036,2024-05-13 03:20:00,clean_neutral_headroom | subtype=neutral_mild_decay | split=test | early=13.91 | near_range=0.33 | far_range=0.61 | drop=1.11 | dir=5.1 | selector_stratum=p2_neutral_headroom | validation_role=positive_allow | gate_decision=allow_deadband | expansion_role=add40_positive_6h | source_case_id=clean_neutral_headroom_test_030
sel6h_03,2024-05-14 16:50:00,clean_neutral_headroom | subtype=neutral_mild_decay | split=test | early=13.96 | near_range=1.38 | far_range=0.58 | drop=2.16 | dir=2.6 | selector_stratum=p2_neutral_headroom | validation_role=positive_allow | gate_decision=allow_deadband | source_case_id=clean_neutral_headroom_test_003
