sample_no,case_id,timestamp,label,selector_stratum,run_batch,source_case_id,sample_hash
1,posadd6h_033,2024-03-10 20:40:00,clean_neutral_headroom | subtype=neutral_mixed_steady | split=test | early=13.86 | near_range=0.91 | far_range=0.91 | drop=0.18 | dir=1.2 | selector_stratum=p2_neutral_headroom | validation_role=positive_allow | gate_decision=allow_deadband | expansion_role=add40_positive_6h | source_case_id=clean_neutral_headroom_test_034,p2_neutral_headroom,add40_positive,clean_neutral_headroom_test_034,02f3024d07f947d5cf2963cb49cacf7496994cc048c10ad860728c0fc971bd11
2,posadd6h_043,2021-11-18 09:30:00,c3_gusty_raw_test | source=regime_mining_v3_test_all_rows | max=15.38 | drop=-0.14 | dir=5.8 | near_range=1.08 | far_range=1.98 | selector_stratum=c3_gusty_oscillatory | validation_role=positive_allow | gate_decision=allow_deadband | expansion_role=add40_positive_6h | source_case_id=c3_raw_gusty_test_0623,c3_gusty_oscillatory,add40_positive,c3_raw_gusty_test_0623,00b6499a699db9722dc2c0e0f301e53a1efcf352478fdfc14b24949ae03a0209
3,posadd6h_111,2024-02-01 05:40:00,w1_stable_direction_raw_test | dir<=12 ramp>=2 not_reversal near>=13 | max=14.86 | ramp=3.94 | near=13.13 | dir=8.7 | selector_stratum=w1_stable_direction_event | validation_role=positive_allow | gate_decision=allow_deadband | expansion_role=add40_positive_6h | source_case_id=w1_raw_stable_test_4643,w1_stable_direction_event,add40_positive,w1_raw_stable_test_4643,08d9274eaf3df6e64249dcc022957f4896fda3dacc1aa27dd07d8691a6a23580
4,posadd6h_016,2022-12-17 22:40:00,clean_neutral_headroom | subtype=neutral_mixed_steady | split=test | early=12.36 | near_range=0.67 | far_range=1.16 | drop=0.91 | dir=8.0 | selector_stratum=p2_neutral_headroom | validation_role=positive_allow | gate_decision=allow_deadband | expansion_role=add40_positive_6h | source_case_id=clean_neutral_headroom_test_050,p2_neutral_headroom,add40_positive,clean_neutral_headroom_test_050,0a1e2c575d2d9f3ca89606bd46b136dd4b3a18117ce0a52affdc25d1a0c2e156
5,sel6h_24,2024-10-13 01:10:00,c3_gusty_24case_6h | source=gusty_test_24 | gusty_oscillation_candidate | max=18.8 | drop=-3.4 | dir=37 | selector_stratum=c3_gusty_oscillatory | validation_role=positive_allow | gate_decision=allow_deadband | source_case_id=04_gusty_oscillation_candidate_cases_04,c3_gusty_oscillatory,existing_positive,04_gusty_oscillation_candidate_cases_04,0130be8503308929cbcd8d2d2801c8d2745270be97df28c53fea77d24b3ac181
6,posadd6h_095,2022-12-29 00:50:00,w1_stable_direction_raw_test | dir<=12 ramp>=2 not_reversal near>=13 | max=19.61 | ramp=2.07 | near=18.06 | dir=7.9 | selector_stratum=w1_stable_direction_event | validation_role=positive_allow | gate_decision=allow_deadband | expansion_role=add40_positive_6h | source_case_id=w1_raw_stable_test_2160,w1_stable_direction_event,add40_positive,w1_raw_stable_test_2160,0f29aacc8a42da0b6592b22eb1ff623ef85fb368aa10c3ebf5172fb6ee3d3bb3
7,posadd6h_034,2024-03-13 22:40:00,clean_neutral_headroom | subtype=neutral_mixed_steady | split=test | early=13.91 | near_range=0.96 | far_range=0.77 | drop=0.46 | dir=1.6 | selector_stratum=p2_neutral_headroom | validation_role=positive_allow | gate_decision=allow_deadband | expansion_role=add40_positive_6h | source_case_id=clean_neutral_headroom_test_079,p2_neutral_headroom,add40_positive,clean_neutral_headroom_test_079,0d1d1826eee421b8c02e1c26f974d6404c92317e2f7b9c28807efbe4b547d275
8,posadd6h_074,2024-05-22 02:10:00,c3_gusty_raw_test | source=regime_mining_v3_test_all_rows | max=15.12 | drop=-0.7 | dir=4.2 | near_range=3.09 | far_range=1.3 | selector_stratum=c3_gusty_oscillatory | validation_role=positive_allow | gate_decision=allow_deadband | expansion_role=add40_positive_6h | source_case_id=c3_raw_gusty_test_10711,c3_gusty_oscillatory,add40_positive,c3_raw_gusty_test_10711,02d7eb0e173f4d37f3a4a26a02f8fdbed4f92a2dfaf180d6521390499a5f191d
9,sel6h_42,2021-12-29 22:50:00,high_attention_direction_stable_event_risk | dir<=12 ramp>=2 not_reversal near>=13 | future_start=2021-12-30 00:50:00 dir=4.7 ramp=3.56 near=14.57 | selector_stratum=w1_stable_direction_event | validation_role=positive_allow | gate_decision=allow_deadband | source_case_id=02_hi_attn_dir_stable_20211229,w1_stable_direction_event,existing_positive,02_hi_attn_dir_stable_20211229,100085e3b5f6411d6e2e054ad587e483e2fff67d8574c73d70b2d309af14f581
10,posadd6h_022,2023-06-11 22:20:00,clean_neutral_headroom | subtype=neutral_mild_decay | split=test | early=13.04 | near_range=0.90 | far_range=2.29 | drop=2.93 | dir=2.8 | selector_stratum=p2_neutral_headroom | validation_role=positive_allow | gate_decision=allow_deadband | expansion_role=add40_positive_6h | source_case_id=clean_neutral_headroom_test_065,p2_neutral_headroom,add40_positive,clean_neutral_headroom_test_065,0d9f0bb49fafe9b1d7807054c7760d38695ee292ea00465c6dfcacbb11529d19
11,posadd6h_063,2023-08-08 07:20:00,c3_gusty_raw_test | source=regime_mining_v3_test_all_rows | max=17.91 | drop=3.65 | dir=22.0 | near_range=5.37 | far_range=4.07 | selector_stratum=c3_gusty_oscillatory | validation_role=positive_allow | gate_decision=allow_deadband | expansion_role=add40_positive_6h | source_case_id=c3_raw_gusty_test_6958,c3_gusty_oscillatory,add40_positive,c3_raw_gusty_test_6958,04070676846f7e0a442e5c67a76c6dbe287b246fe31f661d3aca006bbc9b84e5
12,posadd6h_119,2024-12-20 22:10:00,w1_stable_direction_raw_test | dir<=12 ramp>=2 not_reversal near>=13 | max=14.91 | ramp=2.46 | near=14.56 | dir=3.5 | selector_stratum=w1_stable_direction_event | validation_role=positive_allow | gate_decision=allow_deadband | expansion_role=add40_positive_6h | source_case_id=w1_raw_stable_test_5877,w1_stable_direction_event,add40_positive,w1_raw_stable_test_5877,1247f7ac2127a6f44cc221ca6870ebddae411644a7b3202df602dd9ae3a35c83
13,posadd6h_006,2022-01-03 06:00:00,clean_neutral_headroom | subtype=neutral_moderate_high_steady | split=test | early=17.06 | near_range=0.72 | far_range=1.34 | drop=0.44 | dir=2.1 | selector_stratum=p2_neutral_headroom | validation_role=positive_allow | gate_decision=allow_deadband | expansion_role=add40_positive_6h | source_case_id=clean_neutral_headroom_test_045,p2_neutral_headroom,add40_positive,clean_neutral_headroom_test_045,112336b383deab1714aad71fd4e6aecccd586412e3c7a167236b05b8496d953b
14,posadd6h_073,2024-03-29 06:00:00,c3_gusty_raw_test | source=regime_mining_v3_test_all_rows | max=16.69 | drop=0.52 | dir=3.0 | near_range=0.96 | far_range=1.75 | selector_stratum=c3_gusty_oscillatory | validation_role=positive_allow | gate_decision=allow_deadband | expansion_role=add40_positive_6h | source_case_id=c3_raw_gusty_test_10382,c3_gusty_oscillatory,add40_positive,c3_raw_gusty_test_10382,074e98f283507096e437e5adf7c0b19f0dad6ef2b8c880f34f614a3cd978c6d2
15,sel6h_48,2023-11-09 20:20:00,high_attention_direction_stable_event_risk | dir<=12 ramp>=2 not_reversal near>=13 | future_start=2023-11-09 22:20:00 dir=5.35 ramp=3.76 near=13.61 | selector_stratum=w1_stable_direction_event | validation_role=positive_allow | gate_decision=allow_deadband | source_case_id=08_hi_attn_dir_stable_20231109,w1_stable_direction_event,existing_positive,08_hi_attn_dir_stable_20231109,139370fe674ccf03da630314c54238d1007a618c608352e2533caa826488aac1
16,sel6h_07,2022-11-11 13:20:00,clean_neutral_headroom | subtype=neutral_mixed_steady | split=test | early=13.95 | near_range=0.77 | far_range=0.40 | drop=0.97 | dir=3.1 | selector_stratum=p2_neutral_headroom | validation_role=positive_allow | gate_decision=allow_deadband | source_case_id=clean_neutral_headroom_test_007,p2_neutral_headroom,existing_positive,clean_neutral_headroom_test_007,211750ab992017fb130cede9ee42af9fa0009f7e71dfb429254a48da78ab46f6
17,posadd6h_065,2023-10-19 13:20:00,c3_gusty_raw_test | source=regime_mining_v3_test_all_rows | max=17.3 | drop=0.82 | dir=4.5 | near_range=1.14 | far_range=0.7 | selector_stratum=c3_gusty_oscillatory | validation_role=positive_allow | gate_decision=allow_deadband | expansion_role=add40_positive_6h | source_case_id=c3_raw_gusty_test_7620,c3_gusty_oscillatory,add40_positive,c3_raw_gusty_test_7620,0cc5f95e4e398ddbad20ca52260f187a73786e8c709fbfccd7480987a38c40bc
18,posadd6h_097,2023-01-15 09:50:00,w1_stable_direction_raw_test | dir<=12 ramp>=2 not_reversal near>=13 | max=25.02 | ramp=2.32 | near=24.06 | dir=9.3 | selector_stratum=w1_stable_direction_event | validation_role=positive_allow | gate_decision=allow_deadband | expansion_role=add40_positive_6h | source_case_id=w1_raw_stable_test_2467,w1_stable_direction_event,add40_positive,w1_raw_stable_test_2467,2a3b681d00edf3c6bb7bd88010f1d6324483f370522ba962a3086d9789ed6dac
19,sel6h_16,2024-02-28 21:40:00,clean_neutral_headroom | subtype=neutral_mixed_steady | split=test | early=13.86 | near_range=0.47 | far_range=0.81 | drop=0.82 | dir=1.9 | selector_stratum=p2_neutral_headroom | validation_role=positive_allow | gate_decision=allow_deadband | source_case_id=clean_neutral_headroom_test_016,p2_neutral_headroom,existing_positive,clean_neutral_headroom_test_016,2bb2d87f390169eef1983275eeeaad785257614c64ba96c872e44f290a398bf7
20,sel6h_39,2022-12-27 00:10:00,c3_gusty_24case_6h | source=gusty_test_24 | gusty_oscillation_candidate | max=18.0 | drop=2.5 | dir=39 | selector_stratum=c3_gusty_oscillatory | validation_role=positive_allow | gate_decision=allow_deadband | source_case_id=19_gusty_oscillation_candidate_cases_19,c3_gusty_oscillatory,existing_positive,19_gusty_oscillation_candidate_cases_19,342eecab23a1ea2b3ec680ebb907ad895fcbff35f291d56c00e4147109d773b8
