baseline,split,event,prevalence,predicted_rate,precision,recall,f1,false_alarm_rate
persistence_event_rule,train,speed_ramp_ge_3ms,0.028334817760025454,0.0,0.0,0.0,0.0,0.0
persistence_event_rule,train,direction_shift_ge_45deg,0.044573331185220985,0.0,0.0,0.0,0.0,0.0
persistence_event_rule,train,vector_change_ge_train_p90,0.10000070928237849,0.0,0.0,0.0,0.0,0.0
persistence_event_rule,train,future_speed_ge_train_p95,0.05139054810302428,0.03610956588878655,0.9510340376574908,0.6682440159312276,0.7849458630073534,0.0018639279209993645
persistence_event_rule,train,ballast_attention_event,0.16492031212477695,0.03610956588878655,0.9723882481690378,0.21290596085081284,0.34932635749172125,0.001193955961953574
persistence_event_rule,validation,speed_ramp_ge_3ms,0.022525710954740392,0.0,0.0,0.0,0.0,0.0
persistence_event_rule,validation,direction_shift_ge_45deg,0.04269660842088706,0.0,0.0,0.0,0.0,0.0
persistence_event_rule,validation,vector_change_ge_train_p90,0.07775973500252137,0.0,0.0,0.0,0.0,0.0
persistence_event_rule,validation,future_speed_ge_train_p95,0.02124883762890175,0.013832794363251955,0.9354515050167224,0.6089701720008709,0.737702756165106,0.0009122707506144829
persistence_event_rule,validation,ballast_attention_event,0.12394923965894529,0.013832794363251955,0.9591973244147157,0.10704687966557182,0.19259955677926266,0.0006442720517952482
persistence_event_rule,test,speed_ramp_ge_3ms,0.018154115473141635,0.0,0.0,0.0,0.0,0.0
persistence_event_rule,test,direction_shift_ge_45deg,0.041601637575314106,0.0,0.0,0.0,0.0,0.0
persistence_event_rule,test,vector_change_ge_train_p90,0.0600475156185598,0.0,0.0,0.0,0.0,0.0
persistence_event_rule,test,future_speed_ge_train_p95,0.009466074496709567,0.005728734908233725,0.9256265157639451,0.5601761252446184,0.6979579396525448,0.00043013769081515766
persistence_event_rule,test,ballast_attention_event,0.09540636042402827,0.005728734908233725,0.9620048504446241,0.057764186204553175,0.10898433922520376,0.00024062090432503276
