baseline,split,scope,vector_mae_ms,vector_rmse_ms,speed_mae_ms,speed_rmse_ms,direction_mae_deg
persistence,train,all_future_steps,0.8183368444442749,1.2981313467025757,0.7001862525939941,1.03994882106781,7.779168605804443
persistence,train,tplus_10m,0.4870416224002838,0.8063437938690186,0.4275137782096863,0.6461305022239685,4.066954135894775
persistence,train,tplus_20m,0.6693876385688782,1.066635251045227,0.583920419216156,0.872549831867218,6.020986557006836
persistence,train,tplus_30m,0.7944145798683167,1.2393858432769775,0.6853845715522766,1.006178379058838,7.450231075286865
persistence,train,tplus_40m,0.897763192653656,1.38010573387146,0.7663835287094116,1.1086965799331665,8.664360046386719
persistence,train,tplus_50m,0.9891022443771362,1.5050129890441895,0.8370459079742432,1.1984180212020874,9.744962692260742
persistence,train,tplus_60m,1.072307825088501,1.6177526712417603,0.9008703231811523,1.2776257991790771,10.727531433105469
persistence,validation,all_future_steps,0.7377173900604248,1.1425068378448486,0.6506016850471497,0.9385468363761902,7.80551290512085
persistence,validation,tplus_10m,0.44909581542015076,0.7197619080543518,0.4084005355834961,0.5953888893127441,4.145489692687988
persistence,validation,tplus_20m,0.609421968460083,0.9446481466293335,0.5474584698677063,0.7919348478317261,6.091980934143066
persistence,validation,tplus_30m,0.7184604406356812,1.0928475856781006,0.6367660164833069,0.9080092906951904,7.510467052459717
persistence,validation,tplus_40m,0.8071672320365906,1.2139198780059814,0.7096875309944153,0.9993628263473511,8.677927017211914
persistence,validation,tplus_50m,0.8854476809501648,1.3203575611114502,0.7722229957580566,1.0777692794799805,9.724963188171387
persistence,validation,tplus_60m,0.9567117691040039,1.4178330898284912,0.8290761709213257,1.1483817100524902,10.68224811553955
persistence,test,all_future_steps,0.6673546433448792,1.0345929861068726,0.6036985516548157,0.874398410320282,7.743687152862549
persistence,test,tplus_10m,0.41699153184890747,0.664527177810669,0.3925577402114868,0.570005476474762,4.1710004806518555
persistence,test,tplus_20m,0.5570311546325684,0.8664498925209045,0.514920175075531,0.7472978830337524,6.084453582763672
persistence,test,tplus_30m,0.6506757736206055,0.9945886731147766,0.5924544334411621,0.8495490550994873,7.439945697784424
persistence,test,tplus_40m,0.7275650501251221,1.09843909740448,0.6545034646987915,0.929530918598175,8.60296630859375
persistence,test,tplus_50m,0.7948698401451111,1.1890641450881958,0.7090964317321777,0.9973506927490234,9.615336418151855
persistence,test,tplus_60m,0.8569936752319336,1.2729161977767944,0.7586585879325867,1.060002088546753,10.548420906066895
