word_media,delivery_stem,source_stem,width_px,height_px,png_sha256,png,pdf,svg
image1.png,fig1_algorithm_framework,/Users/saintyoung/Desktop/FOWT-CONTROLLER-main/outputs/paper_figures/20260711_chapter3_redraw/algorithm_framework_compact_v33/figures/fig1_algorithm_framework_compact_v33,3461,2220,e12ed5433ea578c3b5df17a502e3849c600291a306f5e6e05e73a941ca2c4728,/Users/saintyoung/Desktop/FOWT-CONTROLLER-main/outputs/paper_figures/20260720_all_legends_traditional_posture/figures/fig1_algorithm_framework.png,/Users/saintyoung/Desktop/FOWT-CONTROLLER-main/outputs/paper_figures/20260720_all_legends_traditional_posture/figures/fig1_algorithm_framework.pdf,/Users/saintyoung/Desktop/FOWT-CONTROLLER-main/outputs/paper_figures/20260720_all_legends_traditional_posture/figures/fig1_algorithm_framework.svg
image3.png,fig2_prediction_performance,/Users/saintyoung/Desktop/FOWT-CONTROLLER-main/outputs/paper_figures/20260720_ocean_engineering_boxed_legends/figures/fig2_prediction_performance_boxed_legend,3897,1370,210b830d68cdc1f563c6ba27545f7cc35a3d9a0159c5ec63e566f3141766a0b4,/Users/saintyoung/Desktop/FOWT-CONTROLLER-main/outputs/paper_figures/20260720_all_legends_traditional_posture/figures/fig2_prediction_performance.png,/Users/saintyoung/Desktop/FOWT-CONTROLLER-main/outputs/paper_figures/20260720_all_legends_traditional_posture/figures/fig2_prediction_performance.pdf,/Users/saintyoung/Desktop/FOWT-CONTROLLER-main/outputs/paper_figures/20260720_all_legends_traditional_posture/figures/fig2_prediction_performance.svg
image4.png,fig3a_cumulative_pump_density,/Users/saintyoung/Desktop/FOWT-CONTROLLER-main/outputs/paper_figures/20260712_ocean_engineering_chapter3/density6_ocean_engineering_grid72_20260713/figures/panel_a_cumulative_pump_volume,1700,1322,5e1e140e7aa8af2bcd6506899ab47b89628b936294f4453d746a7aa98e782bfc,/Users/saintyoung/Desktop/FOWT-CONTROLLER-main/outputs/paper_figures/20260720_all_legends_traditional_posture/figures/fig3a_cumulative_pump_density.png,/Users/saintyoung/Desktop/FOWT-CONTROLLER-main/outputs/paper_figures/20260720_all_legends_traditional_posture/figures/fig3a_cumulative_pump_density.pdf,/Users/saintyoung/Desktop/FOWT-CONTROLLER-main/outputs/paper_figures/20260720_all_legends_traditional_posture/figures/fig3a_cumulative_pump_density.svg
image5.png,fig3b_pump_runtime_density,/Users/saintyoung/Desktop/FOWT-CONTROLLER-main/outputs/paper_figures/20260712_ocean_engineering_chapter3/density6_ocean_engineering_grid72_20260713/figures/panel_b_pump_runtime_ratio,1700,1322,4a0f90d2acc846021014fa30223f511520d12708e2ed16d2a636eefbbcb18607,/Users/saintyoung/Desktop/FOWT-CONTROLLER-main/outputs/paper_figures/20260720_all_legends_traditional_posture/figures/fig3b_pump_runtime_density.png,/Users/saintyoung/Desktop/FOWT-CONTROLLER-main/outputs/paper_figures/20260720_all_legends_traditional_posture/figures/fig3b_pump_runtime_density.pdf,/Users/saintyoung/Desktop/FOWT-CONTROLLER-main/outputs/paper_figures/20260720_all_legends_traditional_posture/figures/fig3b_pump_runtime_density.svg
image6.png,fig3c_attitude_over_2deg_density,/Users/saintyoung/Desktop/FOWT-CONTROLLER-main/outputs/paper_figures/20260712_ocean_engineering_chapter3/density6_ocean_engineering_grid72_20260713/figures/panel_c_attitude_over_2deg_ratio,1700,1322,380afde52580a0a0e41b124e2821ecf58235b3242aca28face92f5fe6f383ad8,/Users/saintyoung/Desktop/FOWT-CONTROLLER-main/outputs/paper_figures/20260720_all_legends_traditional_posture/figures/fig3c_attitude_over_2deg_density.png,/Users/saintyoung/Desktop/FOWT-CONTROLLER-main/outputs/paper_figures/20260720_all_legends_traditional_posture/figures/fig3c_attitude_over_2deg_density.pdf,/Users/saintyoung/Desktop/FOWT-CONTROLLER-main/outputs/paper_figures/20260720_all_legends_traditional_posture/figures/fig3c_attitude_over_2deg_density.svg
image7.png,fig3d_attitude_over_3deg_density,/Users/saintyoung/Desktop/FOWT-CONTROLLER-main/outputs/paper_figures/20260712_ocean_engineering_chapter3/density6_ocean_engineering_grid72_20260713/figures/panel_d_attitude_over_3deg_ratio,1700,1322,7b2a996316854d82ca6efc889fb997c12615d222e01c993e98a2241b28763636,/Users/saintyoung/Desktop/FOWT-CONTROLLER-main/outputs/paper_figures/20260720_all_legends_traditional_posture/figures/fig3d_attitude_over_3deg_density.png,/Users/saintyoung/Desktop/FOWT-CONTROLLER-main/outputs/paper_figures/20260720_all_legends_traditional_posture/figures/fig3d_attitude_over_3deg_density.pdf,/Users/saintyoung/Desktop/FOWT-CONTROLLER-main/outputs/paper_figures/20260720_all_legends_traditional_posture/figures/fig3d_attitude_over_3deg_density.svg
image8.png,fig3e_attitude_over_4deg_density,/Users/saintyoung/Desktop/FOWT-CONTROLLER-main/outputs/paper_figures/20260712_ocean_engineering_chapter3/density6_ocean_engineering_grid72_20260713/figures/panel_e_attitude_over_4deg_ratio,1700,1322,bc8f5947ef628d7c384cec1875bdf0209b16bfeba623bab0676eb5a3a2f1a364,/Users/saintyoung/Desktop/FOWT-CONTROLLER-main/outputs/paper_figures/20260720_all_legends_traditional_posture/figures/fig3e_attitude_over_4deg_density.png,/Users/saintyoung/Desktop/FOWT-CONTROLLER-main/outputs/paper_figures/20260720_all_legends_traditional_posture/figures/fig3e_attitude_over_4deg_density.pdf,/Users/saintyoung/Desktop/FOWT-CONTROLLER-main/outputs/paper_figures/20260720_all_legends_traditional_posture/figures/fig3e_attitude_over_4deg_density.svg
image9.png,fig3f_attitude_over_5deg_density,/Users/saintyoung/Desktop/FOWT-CONTROLLER-main/outputs/paper_figures/20260712_ocean_engineering_chapter3/density6_ocean_engineering_grid72_20260713/figures/panel_f_attitude_over_5deg_ratio,1700,1322,823bfa2c95c9802858267414c4c5a47de5a3edf00425daeb2010ed4a98b6015a,/Users/saintyoung/Desktop/FOWT-CONTROLLER-main/outputs/paper_figures/20260720_all_legends_traditional_posture/figures/fig3f_attitude_over_5deg_density.png,/Users/saintyoung/Desktop/FOWT-CONTROLLER-main/outputs/paper_figures/20260720_all_legends_traditional_posture/figures/fig3f_attitude_over_5deg_density.pdf,/Users/saintyoung/Desktop/FOWT-CONTROLLER-main/outputs/paper_figures/20260720_all_legends_traditional_posture/figures/fig3f_attitude_over_5deg_density.svg
image10.png,fig4a_casewise_cumulative_pump,/Users/saintyoung/Desktop/FOWT-CONTROLLER-main/outputs/paper_figures/20260711_chapter3_redraw/population_pump_panels_v38_equal_frames_compact/figures/fig3a_casewise_cumulative_pump_named,1700,1452,330f415601f98723e58653b288b02e6110af4da6051b5a6464c746d4fb3f7501,/Users/saintyoung/Desktop/FOWT-CONTROLLER-main/outputs/paper_figures/20260720_all_legends_traditional_posture/figures/fig4a_casewise_cumulative_pump.png,/Users/saintyoung/Desktop/FOWT-CONTROLLER-main/outputs/paper_figures/20260720_all_legends_traditional_posture/figures/fig4a_casewise_cumulative_pump.pdf,/Users/saintyoung/Desktop/FOWT-CONTROLLER-main/outputs/paper_figures/20260720_all_legends_traditional_posture/figures/fig4a_casewise_cumulative_pump.svg
image11.png,fig4b_total_cumulative_pump,/Users/saintyoung/Desktop/FOWT-CONTROLLER-main/outputs/paper_figures/20260720_ocean_engineering_boxed_legends/figures/fig3b_total_cumulative_pump_boxed_legend,1889,1440,2f5b4f1af64f5ed4c9452738ba9ac80ff397b715cc4406b7c62adb03a9b46bca,/Users/saintyoung/Desktop/FOWT-CONTROLLER-main/outputs/paper_figures/20260720_all_legends_traditional_posture/figures/fig4b_total_cumulative_pump.png,/Users/saintyoung/Desktop/FOWT-CONTROLLER-main/outputs/paper_figures/20260720_all_legends_traditional_posture/figures/fig4b_total_cumulative_pump.pdf,/Users/saintyoung/Desktop/FOWT-CONTROLLER-main/outputs/paper_figures/20260720_all_legends_traditional_posture/figures/fig4b_total_cumulative_pump.svg
image12.png,fig5a_ablation_casewise_pump_ecdf,/Users/saintyoung/Desktop/FOWT-CONTROLLER-main/outputs/paper_figures/20260720_ocean_engineering_boxed_legends/figures/fig4a_ablation_casewise_pump_ecdf_boxed_legend,1889,1440,2d5ab1572927504ed4f05212a1fa47acde6769ee0434ad22368df2d38b902309,/Users/saintyoung/Desktop/FOWT-CONTROLLER-main/outputs/paper_figures/20260720_all_legends_traditional_posture/figures/fig5a_ablation_casewise_pump_ecdf.png,/Users/saintyoung/Desktop/FOWT-CONTROLLER-main/outputs/paper_figures/20260720_all_legends_traditional_posture/figures/fig5a_ablation_casewise_pump_ecdf.pdf,/Users/saintyoung/Desktop/FOWT-CONTROLLER-main/outputs/paper_figures/20260720_all_legends_traditional_posture/figures/fig5a_ablation_casewise_pump_ecdf.svg
image13.png,fig5b_ablation_paired_pump_scatter,/Users/saintyoung/Desktop/FOWT-CONTROLLER-main/outputs/paper_figures/20260720_ocean_engineering_boxed_legends/figures/fig4b_ablation_paired_pump_scatter_boxed_legend,1889,1440,5fa38fd2fefa85c2d22c142c401b3456bb6937fab765f8256f89e52877c005a6,/Users/saintyoung/Desktop/FOWT-CONTROLLER-main/outputs/paper_figures/20260720_all_legends_traditional_posture/figures/fig5b_ablation_paired_pump_scatter.png,/Users/saintyoung/Desktop/FOWT-CONTROLLER-main/outputs/paper_figures/20260720_all_legends_traditional_posture/figures/fig5b_ablation_paired_pump_scatter.pdf,/Users/saintyoung/Desktop/FOWT-CONTROLLER-main/outputs/paper_figures/20260720_all_legends_traditional_posture/figures/fig5b_ablation_paired_pump_scatter.svg
image14.png,fig6a_rolling_strategy_target,/Users/saintyoung/Desktop/FOWT-CONTROLLER-main/outputs/paper_figures/20260720_chapter3_3_38_rolling_process_final/standalone_figures/06_sel6h_38_panel_a_strategy_target,1932,1367,f65e22af22fe8f2a4285d9f41eeffde14c9ce4c1112985604dda82c585d870ed,/Users/saintyoung/Desktop/FOWT-CONTROLLER-main/outputs/paper_figures/20260720_all_legends_traditional_posture/figures/fig6a_rolling_strategy_target.png,/Users/saintyoung/Desktop/FOWT-CONTROLLER-main/outputs/paper_figures/20260720_all_legends_traditional_posture/figures/fig6a_rolling_strategy_target.pdf,/Users/saintyoung/Desktop/FOWT-CONTROLLER-main/outputs/paper_figures/20260720_all_legends_traditional_posture/figures/fig6a_rolling_strategy_target.svg
image15.png,fig6b_measured_wind,/Users/saintyoung/Desktop/FOWT-CONTROLLER-main/outputs/paper_figures/20260720_chapter3_3_38_rolling_process_final/standalone_figures/06_sel6h_38_panel_b_measured_wind,1932,1367,62e6b26d7fa2187c350d8372b8095c44e9be51142c9e3bb8475650f3bb35821a,/Users/saintyoung/Desktop/FOWT-CONTROLLER-main/outputs/paper_figures/20260720_all_legends_traditional_posture/figures/fig6b_measured_wind.png,/Users/saintyoung/Desktop/FOWT-CONTROLLER-main/outputs/paper_figures/20260720_all_legends_traditional_posture/figures/fig6b_measured_wind.pdf,/Users/saintyoung/Desktop/FOWT-CONTROLLER-main/outputs/paper_figures/20260720_all_legends_traditional_posture/figures/fig6b_measured_wind.svg
image16.png,fig6c_cumulative_pump,/Users/saintyoung/Desktop/FOWT-CONTROLLER-main/outputs/paper_figures/20260720_chapter3_3_38_rolling_process_final/standalone_figures/06_sel6h_38_panel_c_cumulative_pump,1932,1367,c3fa6c8d7c62d9c0c79f9eb05c67b552871b4bd74a5f3c52c755c66728b284a0,/Users/saintyoung/Desktop/FOWT-CONTROLLER-main/outputs/paper_figures/20260720_all_legends_traditional_posture/figures/fig6c_cumulative_pump.png,/Users/saintyoung/Desktop/FOWT-CONTROLLER-main/outputs/paper_figures/20260720_all_legends_traditional_posture/figures/fig6c_cumulative_pump.pdf,/Users/saintyoung/Desktop/FOWT-CONTROLLER-main/outputs/paper_figures/20260720_all_legends_traditional_posture/figures/fig6c_cumulative_pump.svg
image17.png,fig6d_attitude_response,/Users/saintyoung/Desktop/FOWT-CONTROLLER-main/outputs/paper_figures/20260720_chapter3_3_38_rolling_process_final/standalone_figures/06_sel6h_38_panel_d_attitude,1932,1367,f81050b26d0c5f3e48b411e6ee71e07f4dc5fdcd256ebe8bd009f37cb4617d42,/Users/saintyoung/Desktop/FOWT-CONTROLLER-main/outputs/paper_figures/20260720_all_legends_traditional_posture/figures/fig6d_attitude_response.png,/Users/saintyoung/Desktop/FOWT-CONTROLLER-main/outputs/paper_figures/20260720_all_legends_traditional_posture/figures/fig6d_attitude_response.pdf,/Users/saintyoung/Desktop/FOWT-CONTROLLER-main/outputs/paper_figures/20260720_all_legends_traditional_posture/figures/fig6d_attitude_response.svg
image18.png,fig7a_rolling_strategy_target,/Users/saintyoung/Desktop/FOWT-CONTROLLER-main/outputs/paper_figures/20260720_07_posadd6h_099_rolling_process_final/standalone_figures/07_posadd6h_099_panel_a_strategy_target,1932,1367,c53ae024e7d43140792117085255b64c7a16db8cec3cf656b3f8f739ade5860f,/Users/saintyoung/Desktop/FOWT-CONTROLLER-main/outputs/paper_figures/20260720_all_legends_traditional_posture/figures/fig7a_rolling_strategy_target.png,/Users/saintyoung/Desktop/FOWT-CONTROLLER-main/outputs/paper_figures/20260720_all_legends_traditional_posture/figures/fig7a_rolling_strategy_target.pdf,/Users/saintyoung/Desktop/FOWT-CONTROLLER-main/outputs/paper_figures/20260720_all_legends_traditional_posture/figures/fig7a_rolling_strategy_target.svg
image19.png,fig7b_measured_wind,/Users/saintyoung/Desktop/FOWT-CONTROLLER-main/outputs/paper_figures/20260720_07_posadd6h_099_rolling_process_final/standalone_figures/07_posadd6h_099_panel_b_measured_wind,1932,1367,c38f50f438b9eafccaf9e33e73f4921e9ff044ccf4db51fd3a01b19046e67fee,/Users/saintyoung/Desktop/FOWT-CONTROLLER-main/outputs/paper_figures/20260720_all_legends_traditional_posture/figures/fig7b_measured_wind.png,/Users/saintyoung/Desktop/FOWT-CONTROLLER-main/outputs/paper_figures/20260720_all_legends_traditional_posture/figures/fig7b_measured_wind.pdf,/Users/saintyoung/Desktop/FOWT-CONTROLLER-main/outputs/paper_figures/20260720_all_legends_traditional_posture/figures/fig7b_measured_wind.svg
image20.png,fig7c_cumulative_pump,/Users/saintyoung/Desktop/FOWT-CONTROLLER-main/outputs/paper_figures/20260720_07_posadd6h_099_rolling_process_final/standalone_figures/07_posadd6h_099_panel_c_cumulative_pump,1932,1367,9dacfda34ed15415270d0f915336be6b1f4b51585347e66e367de9bc62226029,/Users/saintyoung/Desktop/FOWT-CONTROLLER-main/outputs/paper_figures/20260720_all_legends_traditional_posture/figures/fig7c_cumulative_pump.png,/Users/saintyoung/Desktop/FOWT-CONTROLLER-main/outputs/paper_figures/20260720_all_legends_traditional_posture/figures/fig7c_cumulative_pump.pdf,/Users/saintyoung/Desktop/FOWT-CONTROLLER-main/outputs/paper_figures/20260720_all_legends_traditional_posture/figures/fig7c_cumulative_pump.svg
image21.png,fig7d_attitude_response,/Users/saintyoung/Desktop/FOWT-CONTROLLER-main/outputs/paper_figures/20260720_07_posadd6h_099_rolling_process_final/standalone_figures/07_posadd6h_099_panel_d_attitude,1932,1367,1c603c07e45eb0e14f7149a627d6b18eca994677f41e56ef9fc402f60c396636,/Users/saintyoung/Desktop/FOWT-CONTROLLER-main/outputs/paper_figures/20260720_all_legends_traditional_posture/figures/fig7d_attitude_response.png,/Users/saintyoung/Desktop/FOWT-CONTROLLER-main/outputs/paper_figures/20260720_all_legends_traditional_posture/figures/fig7d_attitude_response.pdf,/Users/saintyoung/Desktop/FOWT-CONTROLLER-main/outputs/paper_figures/20260720_all_legends_traditional_posture/figures/fig7d_attitude_response.svg
