polarity,peak_index,time_s,amplitude_deg,log_decrement_to_next,equivalent_damping_ratio
positive,1,0.000,1.0000,0.0363528,0.0057856
positive,2,28.500,0.9643,0.0343916,0.0054735
positive,3,57.000,0.9317,0.0283027,0.0045045
positive,4,85.525,0.9057,0.0248168,0.0039497
positive,5,114.025,0.8835,0.0274241,0.0043646
positive,6,142.525,0.8596,0.0310734,0.0049454
positive,7,171.025,0.8333,0.0289769,0.0046118
positive,8,199.550,0.8095,0.0228660,0.0036392
positive,9,228.050,0.7912,0.0218497,0.0034775
positive,10,256.575,0.7741,0.0257783,0.0041027
positive,11,285.075,0.7544,0.0280951,0.0044714
positive,12,313.575,0.7335,0.0241474,0.0038432
positive,13,342.100,0.7160,0.0191771,0.0030521
positive,14,370.600,0.7024,0.0201330,0.0032042
positive,15,399.100,0.6884,0.0247071,0.0039322
positive,16,427.600,0.6716,0.0250277,0.0039832
positive,17,456.125,0.6550,0.0200469,0.0031906
positive,18,484.625,0.6420,0.0163320,0.0025993
positive,19,513.150,0.6316,0.0193436,0.0030786
positive,20,541.650,0.6195,0.0238495,0.0037957
positive,21,570.150,0.6049,0.0218944,0.0034846
positive,22,598.650,0.5918,,
negative,1,14.250,0.9780,0.0279956,0.0044556
negative,2,42.775,0.9510,0.0288020,0.0045839
negative,3,71.275,0.9240,0.0318884,0.0050751
negative,4,99.775,0.8950,0.0317847,0.0050586
negative,5,128.275,0.8670,0.0257023,0.0040906
negative,6,156.800,0.8450,0.0227419,0.0036195
negative,7,185.300,0.8260,0.0269955,0.0042964
negative,8,213.800,0.8040,0.0290241,0.0046193
negative,9,242.300,0.7810,0.0272567,0.0043380
negative,10,270.825,0.7600,0.0199342,0.0031726
negative,11,299.325,0.7450,0.0217105,0.0034553
negative,12,327.850,0.7290,0.0250013,0.0039790
negative,13,356.350,0.7110,0.0256424,0.0040811
negative,14,384.850,0.6930,0.0233587,0.0037176
negative,15,413.350,0.6770,0.0163816,0.0026072
negative,16,441.875,0.6660,0.0197125,0.0031373
negative,17,470.375,0.6530,0.0248075,0.0039482
negative,18,498.875,0.6370,0.0238296,0.0037926
negative,19,527.400,0.6220,0.0178431,0.0028398
negative,20,555.900,0.6110,0.0148395,0.0023618
negative,21,584.400,0.6020,,
