model,split,scope,vector_mae_ms,vector_rmse_ms,speed_mae_ms,speed_rmse_ms,direction_mae_deg
residual_lstm_dual_head_direction_loss,validation,all_future_steps,0.7407530546188354,1.1068834066390991,0.7418354153633118,1.0468199253082275,6.517249584197998
residual_lstm_dual_head_direction_loss,validation,tplus_10m,0.4400184452533722,0.6468008756637573,0.46941640973091125,0.6620399951934814,3.5573971271514893
residual_lstm_dual_head_direction_loss,validation,tplus_20m,0.6082519888877869,0.8901886940002441,0.6271945238113403,0.8744606971740723,5.157812118530273
residual_lstm_dual_head_direction_loss,validation,tplus_30m,0.7209972739219666,1.0497361421585083,0.7277680039405823,1.0073093175888062,6.282104969024658
residual_lstm_dual_head_direction_loss,validation,tplus_40m,0.8129549026489258,1.1812262535095215,0.8080328106880188,1.1140828132629395,7.220879077911377
residual_lstm_dual_head_direction_loss,validation,tplus_50m,0.8942654132843018,1.296517014503479,0.8776201009750366,1.2057498693466187,8.063156127929688
residual_lstm_dual_head_direction_loss,validation,tplus_60m,0.9680303931236267,1.400771975517273,0.940981388092041,1.2893134355545044,8.82214069366455
residual_lstm_dual_head_direction_loss,test,all_future_steps,0.7765424847602844,1.1873316764831543,0.7751910090446472,1.124464988708496,6.812341213226318
residual_lstm_dual_head_direction_loss,test,tplus_10m,0.4622546136379242,0.6925798654556274,0.49202531576156616,0.7042959928512573,3.7346408367156982
residual_lstm_dual_head_direction_loss,test,tplus_20m,0.6386514902114868,0.9552685618400574,0.6555317640304565,0.9336756467819214,5.4299468994140625
residual_lstm_dual_head_direction_loss,test,tplus_30m,0.755290687084198,1.1259658336639404,0.7584881782531738,1.0768561363220215,6.589798927307129
residual_lstm_dual_head_direction_loss,test,tplus_40m,0.8511824011802673,1.2657002210617065,0.8429203033447266,1.1943023204803467,7.546585559844971
residual_lstm_dual_head_direction_loss,test,tplus_50m,0.9371853470802307,1.3903697729110718,0.9174863696098328,1.299235463142395,8.396110534667969
residual_lstm_dual_head_direction_loss,test,tplus_60m,1.0146901607513428,1.5044636726379395,0.984695315361023,1.3945457935333252,9.176972389221191
