epoch,learning_rate,train_loss,train_regression_loss,train_event_loss,train_direction_loss,validation_loss,validation_regression_loss,validation_event_loss,validation_direction_loss
1,0.001,0.05159166100670579,0.031457876454115505,0.9894231338741024,0.01726612056816048,0.03946422611519457,0.024303255169796846,0.7436943471874929,0.01435420096064677
2,0.001,0.04369564623976204,0.028370989649154844,0.7507903680963173,0.015442485707967853,0.03827866739802639,0.024086662443240796,0.6954557649056214,0.014144486730252162
3,0.001,0.04243495996851724,0.027850984932569583,0.7140270909415052,0.015171679538460612,0.037480887461376594,0.02383466275024116,0.6681027624568862,0.01420849909763332
4,0.001,0.041833670778558825,0.02752177706209215,0.7005615863058028,0.015033114193930339,0.0376268159045862,0.02386384434412121,0.6740090146488749,0.014139601751263066
5,0.001,0.041267035681923546,0.0272599255522117,0.6855041473410644,0.014851372535720319,0.03690768060697221,0.023476211005564695,0.6577065648515338,0.013866926431621225
6,0.001,0.0409445383808218,0.027024613323173394,0.6812525727426892,0.014743694364058677,0.03652627504810993,0.023375181846955067,0.6436669012985005,0.013887776914414328
7,0.001,0.040696569789994266,0.02687128829394545,0.6765960579142852,0.014668027306769442,0.03657395452206915,0.023478400442755898,0.6408086314173981,0.013969086679875634
8,0.001,0.040468469042291746,0.026784053474210593,0.6696035711161079,0.01461721772503178,0.036822657163839145,0.023449509970383992,0.6548227405539843,0.01383462184901953
9,0.001,0.04018937955162544,0.02655350958931929,0.6672858636055009,0.014507646414955257,0.036677936795355456,0.023571922087464087,0.6412617532382292,0.014038998644631855
10,0.0005,0.039450101855001,0.02615126415863751,0.6506467144760606,0.014295190531821152,0.03631430870148114,0.023406317766781853,0.6314931338688178,0.013906431758251635
11,0.0005,0.03927758479051601,0.02605346969963965,0.6469681836958748,0.014237586619352509,0.03633838613402343,0.02338332196450108,0.6339080631154764,0.013845155975389345
12,0.0005,0.03916295621430582,0.025963708885385607,0.6457710265696432,0.014191358504166977,0.03615205652376503,0.023265960959272945,0.6304922411961895,0.013812536954564289
13,0.0005,0.038982633257644,0.025860089154402015,0.6419832380348409,0.014143978228926277,0.036178455666908325,0.02335738413398788,0.627219655497222,0.013833945206734134
14,0.0005,0.038892346387964585,0.025766546441207017,0.6421803098157445,0.01410969574507678,0.036165939308693,0.02332302526374506,0.6283308416053686,0.013814875623407729
15,0.0005,0.03871535806656558,0.025664567672357787,0.6384832264091166,0.014056303735036791,0.03617938139650994,0.02331446891636009,0.6293996954989562,0.013845933299477201
16,0.00025,0.038259567674352686,0.025351056279145513,0.6315489523232788,0.01387663071628116,0.03606800882700525,0.0232512215790137,0.6270367938247392,0.013802592517405331
17,0.00025,0.03812655804111144,0.02525858874379355,0.6295635921115171,0.013834889107087073,0.03614609714473903,0.023288463078188246,0.6290489354543497,0.013832790542908183
18,0.00025,0.03805678730294715,0.025222063887861027,0.6279341223742122,0.013802065251879572,0.03630844545988811,0.02346411804661976,0.6282854287148767,0.013930940866366953
19,0.00025,0.037969037451490835,0.025153939206553427,0.626960822396333,0.013794098896053717,0.0363209485965563,0.023488075780920933,0.627776799328038,0.013866868502755265
20,0.000125,0.037674731389798745,0.02494900601311299,0.6226005468885576,0.013685736229867858,0.03614648979601078,0.02336128804663247,0.6254299020690179,0.013830190786035482
21,0.000125,0.03759587845905349,0.02489422526193629,0.6214414803911863,0.01364119701069957,0.036244148448189906,0.023423085355897065,0.6271690748319707,0.013884085017031112
22,0.000125,0.03755168151528818,0.024863452265818212,0.6207763401773067,0.013635131719504279,0.03617456557257949,0.02336502243022385,0.6266416911536119,0.01383546727406151
