model,split,event,threshold,prevalence,predicted_rate,precision,recall,f1,false_alarm_rate
residual_lstm_dual_head_direction_loss,validation,speed_ramp_ge_3ms,0.8500000238418579,0.03303114880604657,0.0371348002625183,0.25461254612546125,0.2862445414847162,0.2695035460992907,0.02862534215413531
residual_lstm_dual_head_direction_loss,validation,direction_shift_ge_45deg,0.8999999761581421,0.025242144284096726,0.034891855441845705,0.34497726333195533,0.47685714285714287,0.40033581194531065,0.02344680630673957
residual_lstm_dual_head_direction_loss,validation,vector_change_ge_train_p90,0.699999988079071,0.08083255803890176,0.12005885025638807,0.3527362287499249,0.5239114917915775,0.4216119188655537,0.08454362137011667
residual_lstm_dual_head_direction_loss,validation,future_speed_ge_train_p95,0.949999988079071,0.038743085455476466,0.036853530654781225,0.8475538160469668,0.806217423678332,0.826369013547033,0.005844618674269423
residual_lstm_dual_head_direction_loss,validation,ballast_attention_event,0.699999988079071,0.13202362664704992,0.1358315844133365,0.5665286184559839,0.5828690046979133,0.5745826602046311,0.06783491620343828
residual_lstm_dual_head_direction_loss,validation,attention_event_0_20m,0.8500000238418579,0.05321765219209993,0.04894812378747557,0.7026668631206718,0.6462935357094457,0.6733022730481434,0.015371958744039366
residual_lstm_dual_head_direction_loss,validation,attention_event_20_40m,0.800000011920929,0.08233987465472353,0.073591668649978,0.6042728341826734,0.5400718227205045,0.5703713981776976,0.0317353033637221
residual_lstm_dual_head_direction_loss,validation,attention_event_40_60m,0.75,0.11081301340718464,0.10065845936375373,0.5555635165150103,0.5046534331272372,0.5288861605620353,0.050311455731109886
residual_lstm_dual_head_direction_loss,test,speed_ramp_ge_3ms,0.8500000238418579,0.040338662841549175,0.050001749291536925,0.2773579624965015,0.3437987857762359,0.3070250174270002,0.037652205614290925
residual_lstm_dual_head_direction_loss,test,direction_shift_ge_45deg,0.8999999761581421,0.03354441451212259,0.04487982367141308,0.4058309946990957,0.5429703796412182,0.4644896502498216,0.02759174926332708
residual_lstm_dual_head_direction_loss,test,vector_change_ge_train_p90,0.699999988079071,0.10011545324143722,0.15169156491620894,0.4002029613912081,0.6063740564719038,0.4821741184316558,0.10110647165395352
residual_lstm_dual_head_direction_loss,test,future_speed_ge_train_p95,0.949999988079071,0.05329741454710842,0.050253647272854494,0.8677248677248677,0.8181698831560982,0.8422190688560038,0.007021537642832858
residual_lstm_dual_head_direction_loss,test,ballast_attention_event,0.699999988079071,0.16490221460308574,0.17609068327327432,0.6110228085512199,0.6524801629397038,0.6310713479572364,0.08202064550725609
residual_lstm_dual_head_direction_loss,test,attention_event_0_20m,0.8500000238418579,0.07230171780428926,0.07118916838680335,0.6936308236681737,0.6829575147585406,0.6882527917296534,0.023509978730144362
residual_lstm_dual_head_direction_loss,test,attention_event_20_40m,0.800000011920929,0.10679074974635273,0.10495049504950495,0.624308287219148,0.6135499934477788,0.6188823898747564,0.044143106703328557
residual_lstm_dual_head_direction_loss,test,attention_event_40_60m,0.75,0.1390196970227058,0.1359129552531225,0.5876235584843492,0.57449164485605,0.580983406291357,0.0650970767267792
